scan_date,ticker,period,in_weekly_top5,in_pro30,in_movers,weekly_rank,source,composite_score,technical_score,catalyst_score,entry_price,exit_price,max_price,min_price,return_pct,max_return_pct,max_drawdown_pct,trading_days,hit_5pct,hit_10pct,hit_15pct
2025-11-17,TWST,5,False,True,False,,30d_momentum,,,,26.46,29.33,29.56,24.41,10.85,11.72,-7.77,5,True,True,False
2025-11-17,TWST,7,False,True,False,,30d_momentum,,,,26.46,31.7,31.79,24.41,19.8,20.12,-7.77,7,True,True,True
2025-11-17,TWST,10,False,True,False,,30d_momentum,,,,26.46,29.7,32.1,24.41,12.24,21.32,-7.77,10,True,True,True
2025-11-17,TWST,14,False,True,False,,30d_momentum,,,,26.46,32.22,33.24,24.41,21.77,25.62,-7.77,14,True,True,True
2025-11-17,PARR,5,False,True,False,,30d_momentum,,,,44.99,44.61,46.92,41.95,-0.84,4.29,-6.77,5,False,False,False
2025-11-17,PARR,7,False,True,False,,30d_momentum,,,,44.99,44.75,46.92,41.95,-0.53,4.29,-6.77,7,False,False,False
2025-11-17,PARR,10,False,True,False,,30d_momentum,,,,44.99,46.1,47.55,41.95,2.47,5.69,-6.77,10,True,False,False
2025-11-17,PARR,14,False,True,False,,30d_momentum,,,,44.99,43.13,47.55,41.95,-4.13,5.69,-6.77,14,True,False,False
2025-11-17,CDTX,5,False,True,False,,30d_momentum,,,,217.91,220.25,220.46,217.76,1.07,1.17,-0.07,5,False,False,False
2025-11-17,CDTX,7,False,True,False,,30d_momentum,,,,217.91,219.75,220.46,217.76,0.84,1.17,-0.07,7,False,False,False
2025-11-17,CDTX,10,False,True,False,,30d_momentum,,,,217.91,219.89,220.46,217.76,0.91,1.17,-0.07,10,False,False,False
2025-11-17,CDTX,14,False,True,False,,30d_momentum,,,,217.91,220.07,221.2,217.76,0.99,1.51,-0.07,14,False,False,False
2025-11-19,NUVB,5,False,True,False,,30d_momentum,,,,7.15,8.01,8.24,6.51,12.03,15.24,-8.95,5,True,True,True
2025-11-19,NUVB,7,False,True,False,,30d_momentum,,,,7.15,7.88,8.24,6.51,10.21,15.24,-8.95,7,True,True,True
2025-11-19,NUVB,10,False,True,False,,30d_momentum,,,,7.15,8.31,8.56,6.51,16.22,19.79,-8.95,10,True,True,True
2025-11-19,NUVB,14,False,True,False,,30d_momentum,,,,7.15,7.84,8.95,6.51,9.65,25.21,-8.95,14,True,True,True
2025-11-19,MSTR,5,False,True,False,,30d_momentum,,,,186.5,175.64,193.53,166.01,-5.82,3.77,-10.99,5,False,False,False
2025-11-19,MSTR,7,False,True,False,,30d_momentum,,,,186.5,171.42,193.53,155.61,-8.09,3.77,-16.56,7,False,False,False
2025-11-19,MSTR,10,False,True,False,,30d_momentum,,,,186.5,186.01,193.53,155.61,-0.26,3.77,-16.56,10,False,False,False
2025-11-19,MSTR,14,False,True,False,,30d_momentum,,,,186.5,184.64,198.4,155.61,-1.0,6.38,-16.56,14,True,False,False
2025-11-20,AGIO,5,False,True,False,,30d_momentum,,,,24.57,29.2,29.46,23.0,18.84,19.9,-6.39,5,True,True,True
2025-11-20,AGIO,7,False,True,False,,30d_momentum,,,,24.57,26.98,29.46,23.0,9.81,19.9,-6.39,7,True,True,True
2025-11-20,AGIO,10,False,True,False,,30d_momentum,,,,24.57,27.73,29.46,23.0,12.86,19.9,-6.39,10,True,True,True
2025-11-20,AGIO,14,False,True,False,,30d_momentum,,,,24.57,27.46,29.46,23.0,11.76,19.9,-6.39,14,True,True,True
2025-11-21,WBD,5,True,False,False,1.0,weekly_top5,5.375,,,23.17,23.87,24.2,22.59,3.02,4.45,-2.52,5,False,False,False
2025-11-21,WBD,7,True,False,False,1.0,weekly_top5,5.375,,,23.17,24.57,24.75,22.59,6.04,6.84,-2.52,7,True,False,False
2025-11-21,WBD,10,True,False,False,1.0,weekly_top5,5.375,,,23.17,27.23,28.16,22.59,17.52,21.56,-2.52,10,True,True,True
2025-11-21,WBD,14,True,False,False,1.0,weekly_top5,5.375,,,23.17,29.98,30.0,22.59,29.39,29.48,-2.52,14,True,True,True
2025-11-21,WMT,5,True,False,False,2.0,weekly_top5,5.625,,,105.32,111.53,111.75,103.76,5.9,6.11,-1.48,5,True,False,False
2025-11-21,WMT,7,True,False,False,2.0,weekly_top5,5.625,,,105.32,114.41,114.89,103.76,8.63,9.09,-1.48,7,True,False,False
2025-11-21,WMT,10,True,False,False,2.0,weekly_top5,5.625,,,105.32,113.56,116.27,103.76,7.82,10.4,-1.48,10,True,True,False
2025-11-21,WMT,14,True,False,False,2.0,weekly_top5,5.625,,,105.32,116.7,116.95,103.76,10.81,11.04,-1.48,14,True,True,False
2025-11-21,GOOGL,5,True,False,False,3.0,weekly_top5,5.5,,,299.66,314.89,328.83,309.6,5.08,9.73,3.32,5,True,False,False
2025-11-21,GOOGL,7,True,False,False,3.0,weekly_top5,5.5,,,299.66,319.63,328.83,309.6,6.66,9.73,3.32,7,True,False,False
2025-11-21,GOOGL,10,True,False,False,3.0,weekly_top5,5.5,,,299.66,313.72,328.83,309.6,4.69,9.73,3.32,10,True,False,False
2025-11-21,GOOGL,14,True,False,False,3.0,weekly_top5,5.5,,,299.66,309.29,328.83,305.56,3.21,9.73,1.97,14,True,False,False
2025-11-21,AAPL,5,True,False,False,4.0,weekly_top5,5.0,,,271.49,283.1,283.42,270.9,4.28,4.39,-0.22,5,False,False,False
2025-11-21,AAPL,7,True,False,False,4.0,weekly_top5,5.0,,,271.49,284.15,288.62,270.9,4.66,6.31,-0.22,7,True,False,False
2025-11-21,AAPL,10,True,False,False,4.0,weekly_top5,5.0,,,271.49,277.89,288.62,270.9,2.36,6.31,-0.22,10,True,False,False
2025-11-21,AAPL,14,True,False,False,4.0,weekly_top5,5.0,,,271.49,278.28,288.62,270.9,2.5,6.31,-0.22,14,True,False,False
2025-11-21,STLD,5,True,False,False,5.0,weekly_top5,5.0,,,158.16,167.62,169.49,156.91,5.98,7.16,-0.79,5,True,False,False
2025-11-21,STLD,7,True,False,False,5.0,weekly_top5,5.0,,,158.16,171.5,172.94,156.91,8.43,9.34,-0.79,7,True,False,False
2025-11-21,STLD,10,True,False,False,5.0,weekly_top5,5.0,,,158.16,166.14,172.94,156.91,5.05,9.34,-0.79,10,True,False,False
2025-11-21,STLD,14,True,False,False,5.0,weekly_top5,5.0,,,158.16,171.97,174.31,156.91,8.73,10.21,-0.79,14,True,True,False
2025-11-21,BE,5,False,True,False,,30d_momentum,,,,89.99,98.93,110.84,85.2,9.93,23.17,-5.32,5,True,True,True
2025-11-21,BE,7,False,True,False,,30d_momentum,,,,89.99,102.5,110.84,85.2,13.9,23.17,-5.32,7,True,True,True
2025-11-21,BE,10,False,True,False,,30d_momentum,,,,89.99,111.79,119.9,85.2,24.22,33.23,-5.32,10,True,True,True
2025-11-21,BE,14,False,True,False,,30d_momentum,,,,89.99,94.98,119.9,85.2,5.55,33.23,-5.32,14,True,True,True
2025-11-24,ARWR,5,True,False,False,1.0,weekly_top5,5.63,,,44.26,57.95,59.27,43.72,30.93,33.91,-1.22,5,True,True,True
2025-11-24,ARWR,7,True,False,False,1.0,weekly_top5,5.63,,,44.26,64.66,67.14,43.72,46.09,51.69,-1.22,7,True,True,True
2025-11-24,ARWR,10,True,False,False,1.0,weekly_top5,5.63,,,44.26,68.83,71.5,43.72,55.51,61.55,-1.22,10,True,True,True
2025-11-24,ARWR,14,True,False,False,1.0,weekly_top5,5.63,,,44.26,68.45,72.36,43.72,54.65,63.49,-1.22,14,True,True,True
2025-11-24,AVGO,5,True,False,False,2.0,weekly_top5,5.38,,,377.96,381.57,403.0,371.75,0.96,6.63,-1.64,5,True,False,False
2025-11-24,AVGO,7,True,False,False,2.0,weekly_top5,5.38,,,377.96,381.03,403.0,370.65,0.81,6.63,-1.93,7,True,False,False
2025-11-24,AVGO,10,True,False,False,2.0,weekly_top5,5.38,,,377.96,406.29,407.29,370.65,7.5,7.76,-1.93,10,True,False,False
2025-11-24,AVGO,14,True,False,False,2.0,weekly_top5,5.38,,,377.96,339.81,414.61,337.51,-10.09,9.7,-10.7,14,True,False,False
2025-11-24,SRE,5,True,False,False,3.0,weekly_top5,5.25,,,93.91,90.95,94.73,90.26,-3.15,0.87,-3.89,5,False,False,False
2025-11-24,SRE,7,True,False,False,3.0,weekly_top5,5.25,,,93.91,90.07,94.73,89.8,-4.09,0.87,-4.38,7,False,False,False
2025-11-24,SRE,10,True,False,False,3.0,weekly_top5,5.25,,,93.91,88.32,94.73,87.85,-5.95,0.87,-6.45,10,False,False,False
2025-11-24,SRE,14,True,False,False,3.0,weekly_top5,5.25,,,93.91,88.59,94.73,87.06,-5.66,0.87,-7.29,14,False,False,False
2025-11-24,EXPD,5,True,False,False,4.0,weekly_top5,4.75,,,144.26,146.48,148.38,144.93,1.54,2.86,0.46,5,False,False,False
2025-11-24,EXPD,7,True,False,False,4.0,weekly_top5,4.75,,,144.26,150.5,151.26,144.93,4.33,4.85,0.46,7,False,False,False
2025-11-24,EXPD,10,True,False,False,4.0,weekly_top5,4.75,,,144.26,147.71,151.67,144.93,2.39,5.14,0.46,10,True,False,False
2025-11-24,EXPD,14,True,False,False,4.0,weekly_top5,4.75,,,144.26,151.57,155.04,144.93,5.07,7.47,0.46,14,True,False,False
2025-11-24,ROST,5,True,False,False,5.0,weekly_top5,4.75,,,174.13,177.57,178.8,173.5,1.98,2.68,-0.36,5,False,False,False
2025-11-24,ROST,7,True,False,False,5.0,weekly_top5,4.75,,,174.13,177.09,179.05,173.5,1.7,2.83,-0.36,7,False,False,False
2025-11-24,ROST,10,True,False,False,5.0,weekly_top5,4.75,,,174.13,177.02,179.42,173.5,1.66,3.04,-0.36,10,False,False,False
2025-11-24,ROST,14,True,False,False,5.0,weekly_top5,4.75,,,174.13,184.28,185.0,173.5,5.83,6.24,-0.36,14,True,False,False
2025-11-24,GRAL,5,False,True,False,,30d_momentum,,,,111.4,97.38,115.76,95.15,-12.59,3.91,-14.59,5,False,False,False
2025-11-24,GRAL,7,False,True,False,,30d_momentum,,,,111.4,104.7,115.76,93.34,-6.01,3.91,-16.21,7,False,False,False
2025-11-24,GRAL,10,False,True,False,,30d_momentum,,,,111.4,97.46,115.76,93.34,-12.51,3.91,-16.21,10,False,False,False
2025-11-24,GRAL,14,False,True,False,,30d_momentum,,,,111.4,91.04,115.76,89.86,-18.28,3.91,-19.34,14,False,False,False
2025-11-24,ALAB,5,False,True,False,,30d_momentum,,,,147.75,142.94,182.53,136.54,-3.26,23.54,-7.59,5,True,True,True
2025-11-24,ALAB,7,False,True,False,,30d_momentum,,,,147.75,152.51,182.53,136.54,3.22,23.54,-7.59,7,True,True,True
2025-11-24,ALAB,10,False,True,False,,30d_momentum,,,,147.75,167.08,182.53,136.54,13.08,23.54,-7.59,10,True,True,True
2025-11-24,ALAB,14,False,True,False,,30d_momentum,,,,147.75,143.66,182.53,136.54,-2.77,23.54,-7.59,14,True,True,True
2025-11-24,STNE,5,False,True,False,,30d_momentum,,,,15.08,17.44,17.82,15.1,15.65,18.14,0.13,5,True,True,True
2025-11-24,STNE,7,False,True,False,,30d_momentum,,,,15.08,15.73,17.82,14.89,4.31,18.14,-1.25,7,True,True,True
2025-11-24,STNE,10,False,True,False,,30d_momentum,,,,15.08,14.62,17.82,14.42,-3.05,18.14,-4.38,10,True,True,True
2025-11-24,STNE,14,False,True,False,,30d_momentum,,,,15.08,15.29,17.82,14.4,1.39,18.14,-4.51,14,True,True,True
2025-11-25,KSS,5,False,True,False,,30d_momentum,,,,22.42,22.97,25.22,22.24,2.45,12.49,-0.8,5,True,True,False
2025-11-25,KSS,7,False,True,False,,30d_momentum,,,,22.42,23.05,25.22,22.04,2.81,12.49,-1.69,7,True,True,False
2025-11-25,KSS,10,False,True,False,,30d_momentum,,,,22.42,23.63,25.22,21.91,5.4,12.49,-2.27,10,True,True,False
2025-11-25,KSS,14,False,True,False,,30d_momentum,,,,22.42,22.95,25.22,21.84,2.36,12.49,-2.59,14,True,True,False
2025-11-27,AVGO,5,True,False,False,1.0,weekly_top5,5.5,,,402.96,390.24,395.42,370.65,-3.16,-1.87,-8.02,5,False,False,False
2025-11-27,AVGO,7,True,False,False,1.0,weekly_top5,5.5,,,402.96,406.29,407.29,370.65,0.83,1.07,-8.02,7,False,False,False
2025-11-27,AVGO,10,True,False,False,1.0,weekly_top5,5.5,,,402.96,359.93,414.61,355.15,-10.68,2.89,-11.86,10,False,False,False
2025-11-27,AVGO,14,True,False,False,1.0,weekly_top5,5.5,,,402.96,329.88,414.61,321.42,-18.14,2.89,-20.24,14,False,False,False
2025-11-27,UPWK,5,True,False,False,2.0,weekly_top5,5.25,,,19.74,20.08,21.38,19.01,1.72,8.31,-3.7,5,True,False,False
2025-11-27,UPWK,7,True,False,False,2.0,weekly_top5,5.25,,,19.74,20.98,21.38,19.01,6.28,8.31,-3.7,7,True,False,False
2025-11-27,UPWK,10,True,False,False,2.0,weekly_top5,5.25,,,19.74,21.95,22.32,19.01,11.2,13.07,-3.7,10,True,True,False
2025-11-27,UPWK,14,True,False,False,2.0,weekly_top5,5.25,,,19.74,20.47,22.32,19.01,3.7,13.07,-3.7,14,True,True,False
2025-11-27,RIG,5,True,False,False,3.0,weekly_top5,5.25,,,4.41,4.44,4.55,4.21,0.68,3.17,-4.42,5,False,False,False
2025-11-27,RIG,7,True,False,False,3.0,weekly_top5,5.25,,,4.41,4.45,4.56,4.21,0.91,3.4,-4.42,7,False,False,False
2025-11-27,RIG,10,True,False,False,3.0,weekly_top5,5.25,,,4.41,4.13,4.56,4.13,-6.35,3.4,-6.35,10,False,False,False
2025-11-27,RIG,14,True,False,False,3.0,weekly_top5,5.25,,,4.41,3.92,4.56,3.79,-11.11,3.4,-14.06,14,False,False,False
2025-11-27,AXSM,5,True,False,False,4.0,weekly_top5,5.25,,,151.5,149.22,151.63,141.69,-1.5,0.09,-6.48,5,False,False,False
2025-11-27,AXSM,7,True,False,False,4.0,weekly_top5,5.25,,,151.5,145.22,151.63,141.69,-4.15,0.09,-6.48,7,False,False,False
2025-11-27,AXSM,10,True,False,False,4.0,weekly_top5,5.25,,,151.5,148.17,151.63,141.69,-2.2,0.09,-6.48,10,False,False,False
2025-11-27,AXSM,14,True,False,False,4.0,weekly_top5,5.25,,,151.5,147.0,151.63,141.69,-2.97,0.09,-6.48,14,False,False,False
2025-11-27,LITE,5,True,False,False,5.0,weekly_top5,5.0,,,325.16,331.41,344.0,288.5,1.92,5.79,-11.27,5,True,False,False
2025-11-27,LITE,7,True,False,False,5.0,weekly_top5,5.0,,,325.16,360.33,362.43,288.5,10.82,11.46,-11.27,7,True,True,False
2025-11-27,LITE,10,True,False,False,5.0,weekly_top5,5.0,,,325.16,324.35,376.53,288.5,-0.25,15.8,-11.27,10,True,True,True
2025-11-27,LITE,14,True,False,False,5.0,weekly_top5,5.0,,,325.16,337.13,376.53,288.5,3.68,15.8,-11.27,14,True,True,True
2025-11-27,KSS,5,False,True,False,,30d_momentum,,,,24.59,23.05,25.22,22.04,-6.26,2.56,-10.37,5,False,False,False
2025-11-27,KSS,7,False,True,False,,30d_momentum,,,,24.59,23.41,25.22,21.91,-4.8,2.56,-10.9,7,False,False,False
2025-11-27,KSS,10,False,True,False,,30d_momentum,,,,24.59,23.27,25.22,21.91,-5.37,2.56,-10.9,10,False,False,False
2025-11-27,KSS,14,False,True,False,,30d_momentum,,,,24.59,22.67,25.22,21.84,-7.81,2.56,-11.18,14,False,False,False
2025-11-27,ARWR,5,False,True,False,,30d_momentum,,,,52.7,61.44,67.14,52.23,16.58,27.4,-0.89,5,True,True,True
2025-11-27,ARWR,7,False,True,False,,30d_momentum,,,,52.7,68.83,71.5,52.23,30.61,35.67,-0.89,7,True,True,True
2025-11-27,ARWR,10,False,True,False,,30d_momentum,,,,52.7,70.09,72.36,52.23,33.0,37.31,-0.89,10,True,True,True
2025-11-27,ARWR,14,False,True,False,,30d_momentum,,,,52.7,66.47,72.36,52.23,26.13,37.31,-0.89,14,True,True,True
2025-11-28,WBD,5,True,False,False,1.0,weekly_top5,5.38,,,24.0,26.08,26.1,23.64,8.67,8.75,-1.5,5,True,False,False
2025-11-28,WBD,7,True,False,False,1.0,weekly_top5,5.38,,,24.0,28.26,28.34,23.64,17.75,18.08,-1.5,7,True,True,True
2025-11-28,WBD,10,True,False,False,1.0,weekly_top5,5.38,,,24.0,29.98,30.0,23.64,24.92,25.0,-1.5,10,True,True,True
2025-11-28,WBD,14,True,False,False,1.0,weekly_top5,5.38,,,24.0,27.61,30.0,23.64,15.04,25.0,-1.5,14,True,True,True
2025-11-28,CADE,5,True,False,False,2.0,weekly_top5,5.13,,,39.84,41.43,42.17,39.53,3.99,5.85,-0.78,5,True,False,False
2025-11-28,CADE,7,True,False,False,2.0,weekly_top5,5.13,,,39.84,41.64,42.24,39.53,4.52,6.02,-0.78,7,True,False,False
2025-11-28,CADE,10,True,False,False,2.0,weekly_top5,5.13,,,39.84,43.78,44.26,39.53,9.89,11.08,-0.78,10,True,True,False
2025-11-28,CADE,14,True,False,False,2.0,weekly_top5,5.13,,,39.84,43.41,44.26,39.53,8.96,11.08,-0.78,14,True,True,False
2025-11-28,WAB,5,True,False,False,3.0,weekly_top5,4.88,,,208.55,214.95,215.23,206.75,3.07,3.2,-0.86,5,False,False,False
2025-11-28,WAB,7,True,False,False,3.0,weekly_top5,4.88,,,208.55,209.62,216.03,206.75,0.51,3.59,-0.86,7,False,False,False
2025-11-28,WAB,10,True,False,False,3.0,weekly_top5,4.88,,,208.55,214.41,220.89,206.75,2.81,5.92,-0.86,10,True,False,False
2025-11-28,WAB,14,True,False,False,3.0,weekly_top5,4.88,,,208.55,213.6,220.89,206.75,2.42,5.92,-0.86,14,True,False,False
2025-11-28,APH,5,True,False,False,4.0,weekly_top5,4.75,,,140.9,139.36,143.48,137.01,-1.09,1.83,-2.76,5,False,False,False
2025-11-28,APH,7,True,False,False,4.0,weekly_top5,4.75,,,140.9,138.58,143.48,137.01,-1.65,1.83,-2.76,7,False,False,False
2025-11-28,APH,10,True,False,False,4.0,weekly_top5,4.75,,,140.9,129.24,143.48,128.28,-8.28,1.83,-8.96,10,False,False,False
2025-11-28,APH,14,True,False,False,4.0,weekly_top5,4.75,,,140.9,129.61,143.48,125.38,-8.01,1.83,-11.01,14,False,False,False
2025-11-28,VIAV,5,True,False,False,5.0,weekly_top5,4.75,,,17.94,18.32,18.55,16.69,2.12,3.4,-6.97,5,False,False,False
2025-11-28,VIAV,7,True,False,False,5.0,weekly_top5,4.75,,,17.94,18.94,19.02,16.69,5.57,6.02,-6.97,7,True,False,False
2025-11-28,VIAV,10,True,False,False,5.0,weekly_top5,4.75,,,17.94,18.0,19.75,16.69,0.33,10.12,-6.97,10,True,True,False
2025-11-28,VIAV,14,True,False,False,5.0,weekly_top5,4.75,,,17.94,17.4,19.75,16.69,-3.01,10.12,-6.97,14,True,True,False
2025-12-01,JBHT,5,True,False,False,1.0,weekly_top5,5.25,,,179.73,189.89,191.88,178.35,5.65,6.76,-0.77,5,True,False,False
2025-12-01,JBHT,7,True,False,False,1.0,weekly_top5,5.25,,,179.73,198.13,199.46,178.35,10.24,10.98,-0.77,7,True,True,False
2025-12-01,JBHT,10,True,False,False,1.0,weekly_top5,5.25,,,179.73,197.6,204.43,178.35,9.94,13.74,-0.77,10,True,True,False
2025-12-01,JBHT,14,True,False,False,1.0,weekly_top5,5.25,,,179.73,197.68,204.43,178.35,9.99,13.74,-0.77,14,True,True,False
2025-12-01,RL,5,True,False,False,2.0,weekly_top5,5.125,,,365.88,356.44,368.73,349.4,-2.58,0.78,-4.5,5,False,False,False
2025-12-01,RL,7,True,False,False,2.0,weekly_top5,5.125,,,365.88,357.7,368.73,348.59,-2.24,0.78,-4.73,7,False,False,False
2025-12-01,RL,10,True,False,False,2.0,weekly_top5,5.125,,,365.88,371.7,377.72,348.59,1.59,3.23,-4.73,10,False,False,False
2025-12-01,RL,14,True,False,False,2.0,weekly_top5,5.125,,,365.88,362.53,380.0,348.59,-0.92,3.86,-4.73,14,False,False,False
2025-12-01,BG,5,True,False,False,3.0,weekly_top5,5.0,,,96.42,91.91,97.35,91.63,-4.68,0.96,-4.97,5,False,False,False
2025-12-01,BG,7,True,False,False,3.0,weekly_top5,5.0,,,96.42,91.5,97.35,90.12,-5.1,0.96,-6.53,7,False,False,False
2025-12-01,BG,10,True,False,False,3.0,weekly_top5,5.0,,,96.42,92.59,97.35,90.11,-3.97,0.96,-6.54,10,False,False,False
2025-12-01,BG,14,True,False,False,3.0,weekly_top5,5.0,,,96.42,91.47,97.35,90.11,-5.13,0.96,-6.54,14,False,False,False
2025-12-01,NSC,5,True,False,False,4.0,weekly_top5,4.875,,,289.83,293.0,296.03,287.42,1.09,2.14,-0.83,5,False,False,False
2025-12-01,NSC,7,True,False,False,4.0,weekly_top5,4.875,,,289.83,294.26,296.03,287.42,1.53,2.14,-0.83,7,False,False,False
2025-12-01,NSC,10,True,False,False,4.0,weekly_top5,4.875,,,289.83,299.49,299.84,287.42,3.33,3.45,-0.83,10,False,False,False
2025-12-01,NSC,14,True,False,False,4.0,weekly_top5,4.875,,,289.83,291.41,300.42,287.42,0.55,3.65,-0.83,14,False,False,False
2025-12-01,RIG,5,True,False,False,5.0,weekly_top5,4.75,,,4.35,4.44,4.55,4.21,2.07,4.6,-3.1,5,False,False,False
2025-12-01,RIG,7,True,False,False,5.0,weekly_top5,4.75,,,4.35,4.3,4.56,4.16,-1.15,4.83,-4.37,7,False,False,False
2025-12-01,RIG,10,True,False,False,5.0,weekly_top5,4.75,,,4.35,4.08,4.56,4.04,-6.21,4.83,-7.24,10,False,False,False
2025-12-01,RIG,14,True,False,False,5.0,weekly_top5,4.75,,,4.35,3.97,4.56,3.79,-8.74,4.83,-12.87,14,False,False,False
2025-12-01,MSTR,5,False,True,False,,30d_momentum,,,,171.42,183.69,191.0,176.3,7.16,11.42,2.85,5,True,True,False
2025-12-01,MSTR,7,False,True,False,,30d_momentum,,,,171.42,184.64,198.4,176.3,7.71,15.74,2.85,7,True,True,True
2025-12-01,MSTR,10,False,True,False,,30d_momentum,,,,171.42,162.08,198.4,160.54,-5.45,15.74,-6.35,10,True,True,True
2025-12-01,MSTR,14,False,True,False,,30d_momentum,,,,171.42,164.82,198.4,157.43,-3.85,15.74,-8.16,14,True,True,True
2025-12-02,RIG,5,True,False,False,1.0,weekly_top5,5.375,,,4.31,4.45,4.56,4.35,3.25,5.8,0.93,5,True,False,False
2025-12-02,RIG,7,True,False,False,1.0,weekly_top5,5.375,,,4.31,4.28,4.56,4.16,-0.7,5.8,-3.48,7,True,False,False
2025-12-02,RIG,10,True,False,False,1.0,weekly_top5,5.375,,,4.31,3.84,4.56,3.79,-10.9,5.8,-12.06,10,True,False,False
2025-12-02,RIG,14,True,False,False,1.0,weekly_top5,5.375,,,4.31,4.01,4.56,3.79,-6.96,5.8,-12.06,14,True,False,False
2025-12-02,SPHR,5,True,False,False,2.0,weekly_top5,5.125,,,81.86,87.1,87.45,80.28,6.4,6.83,-1.93,5,True,False,False
2025-12-02,SPHR,7,True,False,False,2.0,weekly_top5,5.125,,,81.86,89.15,89.37,80.28,8.91,9.17,-1.93,7,True,False,False
2025-12-02,SPHR,10,True,False,False,2.0,weekly_top5,5.125,,,81.86,87.5,93.49,80.28,6.89,14.21,-1.93,10,True,True,False
2025-12-02,SPHR,14,True,False,False,2.0,weekly_top5,5.125,,,81.86,95.29,96.73,80.28,16.41,18.17,-1.93,14,True,True,True
2025-12-02,COMM,5,True,False,False,3.0,weekly_top5,5.0,,,19.51,19.93,20.07,18.51,2.15,2.87,-5.13,5,False,False,False
2025-12-02,COMM,7,True,False,False,3.0,weekly_top5,5.0,,,19.51,20.55,20.55,18.51,5.33,5.33,-5.13,7,True,False,False
2025-12-02,COMM,10,True,False,False,3.0,weekly_top5,5.0,,,19.51,18.35,20.55,18.26,-5.95,5.33,-6.41,10,True,False,False
2025-12-02,COMM,14,True,False,False,3.0,weekly_top5,5.0,,,19.51,18.37,20.55,17.61,-5.84,5.33,-9.71,14,True,False,False
2025-12-02,EL,5,True,False,False,4.0,weekly_top5,4.875,,,99.64,102.64,105.78,100.0,3.01,6.16,0.36,5,True,False,False
2025-12-02,EL,7,True,False,False,4.0,weekly_top5,4.875,,,99.64,105.56,109.62,100.0,5.94,10.02,0.36,7,True,True,False
2025-12-02,EL,10,True,False,False,4.0,weekly_top5,4.875,,,99.64,104.39,109.62,100.0,4.77,10.02,0.36,10,True,True,False
2025-12-02,EL,14,True,False,False,4.0,weekly_top5,4.875,,,99.64,108.65,110.37,100.0,9.04,10.77,0.36,14,True,True,False
2025-12-02,FIBK,5,True,False,False,5.0,weekly_top5,4.75,,,32.78,34.2,34.61,32.78,4.33,5.58,,5,True,False,False
2025-12-02,FIBK,7,True,False,False,5.0,weekly_top5,4.75,,,32.78,35.47,36.05,32.78,8.21,9.96,,7,True,False,False
2025-12-02,FIBK,10,True,False,False,5.0,weekly_top5,4.75,,,32.78,35.57,36.05,32.78,8.51,9.96,,10,True,False,False
2025-12-02,FIBK,14,True,False,False,5.0,weekly_top5,4.75,,,32.78,36.07,36.35,32.78,10.04,10.89,,14,True,True,False
2025-12-02,VERA,5,False,True,False,,30d_momentum,,,,37.25,44.66,47.1,36.6,19.89,26.44,-1.74,5,True,True,True
2025-12-02,VERA,7,False,True,False,,30d_momentum,,,,37.25,46.02,47.29,36.6,23.54,26.95,-1.74,7,True,True,True
2025-12-02,VERA,10,False,True,False,,30d_momentum,,,,37.25,48.3,51.19,36.6,29.66,37.42,-1.74,10,True,True,True
2025-12-02,VERA,14,False,True,False,,30d_momentum,,,,37.25,53.78,54.57,36.6,44.38,46.5,-1.74,14,True,True,True
2025-12-03,DLTR,5,True,False,False,1.0,weekly_top5,5.5,,,112.92,124.24,125.79,114.34,10.02,11.4,1.26,5,True,True,False
2025-12-03,DLTR,7,True,False,False,1.0,weekly_top5,5.5,,,112.92,129.87,130.59,114.34,15.01,15.65,1.26,7,True,True,True
2025-12-03,DLTR,10,True,False,False,1.0,weekly_top5,5.5,,,112.92,128.35,132.48,114.34,13.66,17.32,1.26,10,True,True,True
2025-12-03,DLTR,14,True,False,False,1.0,weekly_top5,5.5,,,112.92,119.53,132.48,114.34,5.85,17.32,1.26,14,True,True,True
2025-12-03,CVCO,5,True,False,False,2.0,weekly_top5,5.25,,,586.69,597.39,602.76,550.99,1.82,2.74,-6.08,5,False,False,False
2025-12-03,CVCO,7,True,False,False,2.0,weekly_top5,5.25,,,586.69,597.03,614.11,550.99,1.76,4.67,-6.08,7,False,False,False
2025-12-03,CVCO,10,True,False,False,2.0,weekly_top5,5.25,,,586.69,599.11,614.11,550.99,2.12,4.67,-6.08,10,False,False,False
2025-12-03,CVCO,14,True,False,False,2.0,weekly_top5,5.25,,,586.69,603.54,618.03,550.99,2.87,5.34,-6.08,14,True,False,False
2025-12-03,PATH,5,True,False,False,3.0,weekly_top5,5.25,,,14.86,18.69,19.84,15.75,25.77,33.51,5.99,5,True,True,True
2025-12-03,PATH,7,True,False,False,3.0,weekly_top5,5.25,,,14.86,17.42,19.84,15.75,17.23,33.51,5.99,7,True,True,True
2025-12-03,PATH,10,True,False,False,3.0,weekly_top5,5.25,,,14.86,15.96,19.84,15.75,7.4,33.51,5.99,10,True,True,True
2025-12-03,PATH,14,True,False,False,3.0,weekly_top5,5.25,,,14.86,15.96,19.84,15.68,7.4,33.51,5.52,14,True,True,True
2025-12-03,PSX,5,True,False,False,4.0,weekly_top5,5.25,,,139.85,143.81,143.85,137.17,2.83,2.86,-1.92,5,False,False,False
2025-12-03,PSX,7,True,False,False,4.0,weekly_top5,5.25,,,139.85,141.44,144.96,137.17,1.14,3.65,-1.92,7,False,False,False
2025-12-03,PSX,10,True,False,False,4.0,weekly_top5,5.25,,,139.85,131.99,144.96,130.0,-5.62,3.65,-7.04,10,False,False,False
2025-12-03,PSX,14,True,False,False,4.0,weekly_top5,5.25,,,139.85,129.12,144.96,127.94,-7.67,3.65,-8.52,14,False,False,False
2025-12-03,SPHR,5,True,False,False,5.0,weekly_top5,5.25,,,81.47,86.56,87.98,81.22,6.25,7.99,-0.3,5,True,False,False
2025-12-03,SPHR,7,True,False,False,5.0,weekly_top5,5.25,,,81.47,89.79,93.49,81.22,10.21,14.75,-0.3,7,True,True,False
2025-12-03,SPHR,10,True,False,False,5.0,weekly_top5,5.25,,,81.47,86.27,93.49,81.22,5.89,14.75,-0.3,10,True,True,False
2025-12-03,SPHR,14,True,False,False,5.0,weekly_top5,5.25,,,81.47,93.92,96.73,81.22,15.28,18.73,-0.3,14,True,True,True
2025-12-03,JANX,5,False,True,False,,30d_momentum,,,,17.11,15.58,17.22,15.28,-8.94,0.64,-10.7,5,False,False,False
2025-12-03,JANX,7,False,True,False,,30d_momentum,,,,17.11,15.3,17.22,15.16,-10.58,0.64,-11.4,7,False,False,False
2025-12-03,JANX,10,False,True,False,,30d_momentum,,,,17.11,14.1,17.22,14.02,-17.59,0.64,-18.06,10,False,False,False
2025-12-03,JANX,14,False,True,False,,30d_momentum,,,,17.11,14.12,17.22,13.76,-17.48,0.64,-19.58,14,False,False,False
2025-12-03,AEO,5,False,True,False,,30d_momentum,,,,23.97,24.16,24.7,22.12,0.79,3.02,-7.72,5,False,False,False
2025-12-03,AEO,7,False,True,False,,30d_momentum,,,,23.97,25.46,25.57,22.12,6.22,6.68,-7.72,7,True,False,False
2025-12-03,AEO,10,False,True,False,,30d_momentum,,,,23.97,26.92,27.84,22.12,12.31,16.15,-7.72,10,True,True,True
2025-12-03,AEO,14,False,True,False,,30d_momentum,,,,23.97,26.6,28.15,22.12,10.97,17.44,-7.72,14,True,True,True
2025-12-04,APH,5,True,False,False,1.0,weekly_top5,4.75,,,139.46,139.09,142.27,134.16,-0.27,2.01,-3.8,5,False,False,False
2025-12-04,APH,7,True,False,False,1.0,weekly_top5,4.75,,,139.46,129.9,142.27,128.28,-6.86,2.01,-8.02,7,False,False,False
2025-12-04,APH,10,True,False,False,1.0,weekly_top5,4.75,,,139.46,129.61,142.27,125.38,-7.06,2.01,-10.1,10,False,False,False
2025-12-04,APH,14,True,False,False,1.0,weekly_top5,4.75,,,139.46,137.94,142.27,125.38,-1.09,2.01,-10.1,14,False,False,False
2025-12-04,TTMI,5,True,False,False,2.0,weekly_top5,4.75,,,72.84,80.24,80.58,72.76,10.16,10.63,-0.11,5,True,True,False
2025-12-04,TTMI,7,True,False,False,2.0,weekly_top5,4.75,,,72.84,72.05,80.58,72.0,-1.08,10.63,-1.15,7,True,True,False
2025-12-04,TTMI,10,True,False,False,2.0,weekly_top5,4.75,,,72.84,67.09,80.58,61.38,-7.89,10.63,-15.73,10,True,True,False
2025-12-04,TTMI,14,True,False,False,2.0,weekly_top5,4.75,,,72.84,72.59,80.58,61.38,-0.34,10.63,-15.73,14,True,True,False
2025-12-04,MUR,5,True,False,False,3.0,weekly_top5,5.0,,,32.5,33.52,33.69,31.95,3.14,3.65,-1.71,5,False,False,False
2025-12-04,MUR,7,True,False,False,3.0,weekly_top5,5.0,,,32.5,32.58,34.32,31.93,0.25,5.61,-1.75,7,True,False,False
2025-12-04,MUR,10,True,False,False,3.0,weekly_top5,5.0,,,32.5,31.04,34.32,30.71,-4.49,5.61,-5.49,10,True,False,False
2025-12-04,MUR,14,True,False,False,3.0,weekly_top5,5.0,,,32.5,31.45,34.32,30.71,-3.23,5.61,-5.49,14,True,False,False
2025-12-04,RIG,5,True,False,False,4.0,weekly_top5,5.0,,,4.43,4.28,4.56,4.16,-3.39,2.93,-6.09,5,False,False,False
2025-12-04,RIG,7,True,False,False,4.0,weekly_top5,5.0,,,4.43,4.08,4.56,4.04,-7.9,2.93,-8.92,7,False,False,False
2025-12-04,RIG,10,True,False,False,4.0,weekly_top5,5.0,,,4.43,3.92,4.56,3.79,-11.51,2.93,-14.45,10,False,False,False
2025-12-04,RIG,14,True,False,False,4.0,weekly_top5,5.0,,,4.43,4.01,4.56,3.79,-9.48,2.93,-14.45,14,False,False,False
2025-12-04,DLTR,5,True,False,False,5.0,weekly_top5,5.25,,,115.87,129.97,130.53,115.63,12.17,12.65,-0.21,5,True,True,False
2025-12-04,DLTR,7,True,False,False,5.0,weekly_top5,5.25,,,115.87,131.17,132.43,115.63,13.2,14.29,-0.21,7,True,True,False
2025-12-04,DLTR,10,True,False,False,5.0,weekly_top5,5.25,,,115.87,126.9,132.48,115.63,9.52,14.34,-0.21,10,True,True,False
2025-12-04,DLTR,14,True,False,False,5.0,weekly_top5,5.25,,,115.87,122.01,132.48,115.63,5.3,14.34,-0.21,14,True,True,False
2025-12-04,PATH,5,False,True,False,,30d_momentum,,,,18.48,18.03,19.84,17.92,-2.44,7.36,-3.03,5,True,False,False
2025-12-04,PATH,7,False,True,False,,30d_momentum,,,,18.48,16.16,19.84,16.01,-12.55,7.36,-13.37,7,True,False,False
2025-12-04,PATH,10,False,True,False,,30d_momentum,,,,18.48,15.94,19.84,15.84,-13.74,7.36,-14.29,10,True,False,False
2025-12-04,PATH,14,False,True,False,,30d_momentum,,,,18.48,17.16,19.84,15.68,-7.14,7.36,-15.15,14,True,False,False
2025-12-04,ACLX,5,False,True,False,,30d_momentum,,,,68.45,72.69,79.75,66.51,6.19,16.51,-2.83,5,True,True,True
2025-12-04,ACLX,7,False,True,False,,30d_momentum,,,,68.45,68.34,79.75,66.51,-0.16,16.51,-2.83,7,True,True,True
2025-12-04,ACLX,10,False,True,False,,30d_momentum,,,,68.45,64.13,79.75,63.49,-6.31,16.51,-7.25,10,True,True,True
2025-12-04,ACLX,14,False,True,False,,30d_momentum,,,,68.45,66.0,79.75,63.48,-3.58,16.51,-7.26,14,True,True,True
2025-12-05,WBD,5,True,False,False,1.0,weekly_top5,5.38,,,26.08,29.98,30.0,26.84,14.95,15.03,2.91,5,True,True,True
2025-12-05,WBD,7,True,False,False,1.0,weekly_top5,5.38,,,26.08,28.9,30.0,26.84,10.81,15.03,2.91,7,True,True,True
2025-12-05,WBD,10,True,False,False,1.0,weekly_top5,5.38,,,26.08,27.77,30.0,26.84,6.48,15.03,2.91,10,True,True,True
2025-12-05,WBD,14,True,False,False,1.0,weekly_top5,5.38,,,26.08,28.8,30.0,26.84,10.43,15.03,2.91,14,True,True,True
2025-12-05,MUR,5,True,False,False,2.0,weekly_top5,5.13,,,32.75,33.37,34.32,31.95,1.89,4.81,-2.46,5,False,False,False
2025-12-05,MUR,7,True,False,False,2.0,weekly_top5,5.13,,,32.75,31.23,34.32,30.71,-4.64,4.81,-6.21,7,False,False,False
2025-12-05,MUR,10,True,False,False,2.0,weekly_top5,5.13,,,32.75,31.58,34.32,30.71,-3.57,4.81,-6.21,10,False,False,False
2025-12-05,MUR,14,True,False,False,2.0,weekly_top5,5.13,,,32.75,31.16,34.32,30.71,-4.85,4.81,-6.21,14,False,False,False
2025-12-05,RIG,5,True,False,False,3.0,weekly_top5,5.0,,,4.44,4.13,4.56,4.13,-6.98,2.7,-6.98,5,False,False,False
2025-12-05,RIG,7,True,False,False,3.0,weekly_top5,5.0,,,4.44,3.84,4.56,3.79,-13.51,2.7,-14.64,7,False,False,False
2025-12-05,RIG,10,True,False,False,3.0,weekly_top5,5.0,,,4.44,3.97,4.56,3.79,-10.59,2.7,-14.64,10,False,False,False
2025-12-05,RIG,14,True,False,False,3.0,weekly_top5,5.0,,,4.44,4.02,4.56,3.79,-9.46,2.7,-14.64,14,False,False,False
2025-12-05,PTGX,5,True,False,False,4.0,weekly_top5,4.88,,,89.65,95.35,95.39,88.3,6.36,6.4,-1.51,5,True,False,False
2025-12-05,PTGX,7,True,False,False,4.0,weekly_top5,4.88,,,89.65,91.54,96.54,88.3,2.11,7.69,-1.51,7,True,False,False
2025-12-05,PTGX,10,True,False,False,4.0,weekly_top5,4.88,,,89.65,86.05,96.54,84.11,-4.02,7.69,-6.18,10,True,False,False
2025-12-05,PTGX,14,True,False,False,4.0,weekly_top5,4.88,,,89.65,88.78,96.54,84.11,-0.97,7.69,-6.18,14,True,False,False
2025-12-05,TTMI,5,True,False,False,5.0,weekly_top5,4.63,,,73.74,73.43,80.58,72.14,-0.42,9.28,-2.17,5,True,False,False
2025-12-05,TTMI,7,True,False,False,5.0,weekly_top5,4.63,,,73.74,67.63,80.58,67.54,-8.29,9.28,-8.41,7,True,False,False
2025-12-05,TTMI,10,True,False,False,5.0,weekly_top5,4.63,,,73.74,70.38,80.58,61.38,-4.56,9.28,-16.76,10,True,False,False
2025-12-05,TTMI,14,True,False,False,5.0,weekly_top5,4.63,,,73.74,71.72,80.58,61.38,-2.74,9.28,-16.76,14,True,False,False
2025-12-05,DBRG,5,False,True,False,,30d_momentum,,,,14.12,14.35,15.55,13.6,1.63,10.13,-3.69,5,True,True,False
2025-12-05,DBRG,7,False,True,False,,30d_momentum,,,,14.12,13.47,15.55,13.31,-4.6,10.13,-5.74,7,True,True,False
2025-12-05,DBRG,10,False,True,False,,30d_momentum,,,,14.12,13.19,15.55,13.01,-6.59,10.13,-7.86,10,True,True,False
2025-12-05,DBRG,14,False,True,False,,30d_momentum,,,,14.12,13.92,15.55,12.68,-1.42,10.13,-10.2,14,True,True,False
2025-12-05,SATS,5,False,True,False,,30d_momentum,,,,82.0,107.37,109.53,85.53,30.94,33.57,4.3,5,True,True,True
2025-12-05,SATS,7,False,True,False,,30d_momentum,,,,82.0,103.64,111.0,85.53,26.39,35.37,4.3,7,True,True,True
2025-12-05,SATS,10,False,True,False,,30d_momentum,,,,82.0,103.91,111.39,85.53,26.72,35.84,4.3,10,True,True,True
2025-12-05,SATS,14,False,True,False,,30d_momentum,,,,82.0,105.6,111.39,85.53,28.78,35.84,4.3,14,True,True,True
2025-12-05,VSCO,5,False,True,False,,30d_momentum,,,,49.05,54.49,55.22,46.65,11.09,12.58,-4.89,5,True,True,False
2025-12-05,VSCO,7,False,True,False,,30d_momentum,,,,49.05,53.66,56.33,46.65,9.4,14.84,-4.89,7,True,True,False
2025-12-05,VSCO,10,False,True,False,,30d_momentum,,,,49.05,56.7,56.95,46.65,15.6,16.11,-4.89,10,True,True,True
2025-12-05,VSCO,14,False,True,False,,30d_momentum,,,,49.05,53.81,56.95,46.65,9.7,16.11,-4.89,14,True,True,True
2025-12-05,SLG,5,False,True,False,,30d_momentum,,,,42.59,44.64,45.39,41.28,4.81,6.57,-3.08,5,True,False,False
2025-12-05,SLG,7,False,True,False,,30d_momentum,,,,42.59,45.75,46.03,41.28,7.42,8.09,-3.08,7,True,False,False
2025-12-05,SLG,10,False,True,False,,30d_momentum,,,,42.59,44.33,46.51,41.28,4.09,9.2,-3.08,10,True,False,False
2025-12-05,SLG,14,False,True,False,,30d_momentum,,,,42.59,45.99,46.51,41.28,7.98,9.2,-3.08,14,True,False,False
2025-12-08,WBD,5,True,False,False,1.0,weekly_top5,5.5,,,27.23,29.71,30.0,27.37,9.11,10.17,0.51,5,True,True,False
2025-12-08,WBD,7,True,False,False,1.0,weekly_top5,5.5,,,27.23,28.21,30.0,27.37,3.6,10.17,0.51,7,True,True,False
2025-12-08,WBD,10,True,False,False,1.0,weekly_top5,5.5,,,27.23,28.75,30.0,27.37,5.58,10.17,0.51,10,True,True,False
2025-12-08,WBD,14,True,False,False,1.0,weekly_top5,5.5,,,27.23,28.79,30.0,27.37,5.73,10.17,0.51,14,True,True,False
2025-12-08,KRYS,5,True,False,False,2.0,weekly_top5,5.25,,,234.05,242.98,248.59,231.51,3.82,6.21,-1.09,5,True,False,False
2025-12-08,KRYS,7,True,False,False,2.0,weekly_top5,5.25,,,234.05,235.8,248.59,231.51,0.75,6.21,-1.09,7,True,False,False
2025-12-08,KRYS,10,True,False,False,2.0,weekly_top5,5.25,,,234.05,249.61,249.78,231.51,6.65,6.72,-1.09,10,True,False,False
2025-12-08,KRYS,14,True,False,False,2.0,weekly_top5,5.25,,,234.05,253.68,265.92,231.51,8.39,13.61,-1.09,14,True,True,False
2025-12-08,LUV,5,True,False,False,3.0,weekly_top5,5.0,,,37.95,41.72,42.2,37.55,9.93,11.2,-1.05,5,True,True,False
2025-12-08,LUV,7,True,False,False,3.0,weekly_top5,5.0,,,37.95,40.98,43.54,37.55,7.98,14.73,-1.05,7,True,True,False
2025-12-08,LUV,10,True,False,False,3.0,weekly_top5,5.0,,,37.95,42.24,43.54,37.55,11.3,14.73,-1.05,10,True,True,False
2025-12-08,LUV,14,True,False,False,3.0,weekly_top5,5.0,,,37.95,41.12,43.54,37.55,8.35,14.73,-1.05,14,True,True,False
2025-12-08,RIG,5,True,False,False,4.0,weekly_top5,5.0,,,4.44,4.08,4.56,4.04,-8.11,2.7,-9.12,5,False,False,False
2025-12-08,RIG,7,True,False,False,4.0,weekly_top5,5.0,,,4.44,3.95,4.56,3.79,-11.04,2.7,-14.64,7,False,False,False
2025-12-08,RIG,10,True,False,False,4.0,weekly_top5,5.0,,,4.44,4.01,4.56,3.79,-9.68,2.7,-14.64,10,False,False,False
2025-12-08,RIG,14,True,False,False,4.0,weekly_top5,5.0,,,4.44,4.07,4.56,3.79,-8.33,2.7,-14.64,14,False,False,False
2025-12-08,TTMI,5,True,False,False,5.0,weekly_top5,4.75,,,75.43,72.05,80.58,72.0,-4.48,6.83,-4.55,5,True,False,False
2025-12-08,TTMI,7,True,False,False,5.0,weekly_top5,4.75,,,75.43,61.58,80.58,61.38,-18.36,6.83,-18.63,7,True,False,False
2025-12-08,TTMI,10,True,False,False,5.0,weekly_top5,4.75,,,75.43,70.89,80.58,61.38,-6.01,6.83,-18.63,10,True,False,False
2025-12-08,TTMI,14,True,False,False,5.0,weekly_top5,4.75,,,75.43,71.21,80.58,61.38,-5.59,6.83,-18.63,14,True,False,False
2025-12-08,WVE,5,False,True,False,,30d_momentum,,,,18.52,16.11,21.73,15.86,-13.01,17.33,-14.36,5,True,True,True
2025-12-08,WVE,7,False,True,False,,30d_momentum,,,,18.52,16.34,21.73,15.86,-11.77,17.33,-14.36,7,True,True,True
2025-12-08,WVE,10,False,True,False,,30d_momentum,,,,18.52,17.97,21.73,15.23,-2.97,17.33,-17.76,10,True,True,True
2025-12-08,WVE,14,False,True,False,,30d_momentum,,,,18.52,17.86,21.73,15.23,-3.56,17.33,-17.76,14,True,True,True
2025-12-08,CVNA,5,False,True,False,,30d_momentum,,,,447.98,447.92,485.33,440.2,-0.01,8.34,-1.74,5,True,False,False
2025-12-08,CVNA,7,False,True,False,,30d_momentum,,,,447.98,446.23,485.33,440.2,-0.39,8.34,-1.74,7,True,False,False
2025-12-08,CVNA,10,False,True,False,,30d_momentum,,,,447.98,433.59,485.33,429.59,-3.21,8.34,-4.11,10,True,False,False
2025-12-08,CVNA,14,False,True,False,,30d_momentum,,,,447.98,433.55,485.33,424.0,-3.22,8.34,-5.35,14,True,False,False
2025-12-08,ACLX,5,False,True,False,,30d_momentum,,,,74.08,68.34,74.99,67.02,-7.75,1.23,-9.53,5,False,False,False
2025-12-08,ACLX,7,False,True,False,,30d_momentum,,,,74.08,64.72,74.99,64.2,-12.63,1.23,-13.34,7,False,False,False
2025-12-08,ACLX,10,False,True,False,,30d_momentum,,,,74.08,65.18,74.99,63.48,-12.01,1.23,-14.31,10,False,False,False
2025-12-08,ACLX,14,False,True,False,,30d_momentum,,,,74.08,65.13,74.99,63.48,-12.08,1.23,-14.31,14,False,False,False
2025-12-09,MUR,5,True,False,False,1.0,weekly_top5,5.5,,,32.58,31.23,34.32,30.71,-4.14,5.35,-5.72,5,True,False,False
2025-12-09,MUR,7,True,False,False,1.0,weekly_top5,5.5,,,32.58,31.04,34.32,30.71,-4.73,5.35,-5.72,7,True,False,False
2025-12-09,MUR,10,True,False,False,1.0,weekly_top5,5.5,,,32.58,31.36,34.32,30.71,-3.74,5.35,-5.72,10,True,False,False
2025-12-09,MUR,14,True,False,False,1.0,weekly_top5,5.5,,,32.58,31.62,34.32,30.71,-2.95,5.35,-5.72,14,True,False,False
2025-12-09,RIG,5,True,False,False,2.0,weekly_top5,5.25,,,4.45,3.84,4.39,3.79,-13.71,-1.35,-14.83,5,False,False,False
2025-12-09,RIG,7,True,False,False,2.0,weekly_top5,5.25,,,4.45,3.92,4.39,3.79,-11.91,-1.35,-14.83,7,False,False,False
2025-12-09,RIG,10,True,False,False,2.0,weekly_top5,5.25,,,4.45,4.03,4.39,3.79,-9.44,-1.35,-14.83,10,False,False,False
2025-12-09,RIG,14,True,False,False,2.0,weekly_top5,5.25,,,4.45,4.13,4.39,3.79,-7.19,-1.35,-14.83,14,False,False,False
2025-12-09,PSX,5,True,False,False,3.0,weekly_top5,4.75,,,139.88,131.78,144.96,131.46,-5.79,3.63,-6.02,5,False,False,False
2025-12-09,PSX,7,True,False,False,3.0,weekly_top5,4.75,,,139.88,129.13,144.96,127.94,-7.69,3.63,-8.54,7,False,False,False
2025-12-09,PSX,10,True,False,False,3.0,weekly_top5,4.75,,,139.88,129.12,144.96,127.94,-7.69,3.63,-8.54,10,False,False,False
2025-12-09,PSX,14,True,False,False,3.0,weekly_top5,4.75,,,139.88,129.56,144.96,127.16,-7.38,3.63,-9.09,14,False,False,False
2025-12-09,LUV,5,True,False,False,4.0,weekly_top5,5.0,,,38.15,42.17,43.54,38.09,10.54,14.13,-0.16,5,True,True,False
2025-12-09,LUV,7,True,False,False,4.0,weekly_top5,5.0,,,38.15,40.73,43.54,38.09,6.76,14.13,-0.16,7,True,True,False
2025-12-09,LUV,10,True,False,False,4.0,weekly_top5,5.0,,,38.15,41.56,43.54,38.09,8.94,14.13,-0.16,10,True,True,False
2025-12-09,LUV,14,True,False,False,4.0,weekly_top5,5.0,,,38.15,41.27,43.54,38.09,8.18,14.13,-0.16,14,True,True,False
2025-12-09,KRYS,5,True,False,False,5.0,weekly_top5,5.0,,,234.64,238.55,248.59,234.43,1.67,5.95,-0.09,5,True,False,False
2025-12-09,KRYS,7,True,False,False,5.0,weekly_top5,5.0,,,234.64,233.37,248.59,231.69,-0.54,5.95,-1.26,7,True,False,False
2025-12-09,KRYS,10,True,False,False,5.0,weekly_top5,5.0,,,234.64,253.36,255.0,231.69,7.98,8.68,-1.26,10,True,False,False
2025-12-09,KRYS,14,True,False,False,5.0,weekly_top5,5.0,,,234.64,247.88,265.92,231.69,5.64,13.33,-1.26,14,True,True,False
2025-12-09,WVE,5,False,True,False,,30d_momentum,,,,21.31,16.41,20.74,15.86,-22.99,-2.67,-25.57,5,False,False,False
2025-12-09,WVE,7,False,True,False,,30d_momentum,,,,21.31,15.54,20.74,15.23,-27.08,-2.67,-28.53,7,False,False,False
2025-12-09,WVE,10,False,True,False,,30d_momentum,,,,21.31,17.48,20.74,15.23,-17.97,-2.67,-28.53,10,False,False,False
2025-12-09,WVE,14,False,True,False,,30d_momentum,,,,21.31,17.15,20.74,15.23,-19.52,-2.67,-28.53,14,False,False,False
2025-12-09,TERN,5,False,True,False,,30d_momentum,,,,42.57,42.92,48.26,42.24,0.82,13.37,-0.77,5,True,True,False
2025-12-09,TERN,7,False,True,False,,30d_momentum,,,,42.57,39.82,48.26,39.15,-6.46,13.37,-8.03,7,True,True,False
2025-12-09,TERN,10,False,True,False,,30d_momentum,,,,42.57,41.53,48.26,39.15,-2.44,13.37,-8.03,10,True,True,False
2025-12-09,TERN,14,False,True,False,,30d_momentum,,,,42.57,40.59,48.26,39.15,-4.65,13.37,-8.03,14,True,True,False
2025-12-10,CRH,5,True,False,False,1.0,weekly_top5,2.0,,,125.14,123.05,128.95,122.79,-1.67,3.04,-1.88,5,False,False,False
2025-12-10,CRH,7,True,False,False,1.0,weekly_top5,2.0,,,125.14,124.42,128.95,122.79,-0.58,3.04,-1.88,7,False,False,False
2025-12-10,CRH,10,True,False,False,1.0,weekly_top5,2.0,,,125.14,127.54,128.95,122.79,1.92,3.04,-1.88,10,False,False,False
2025-12-10,CRH,14,True,False,False,1.0,weekly_top5,2.0,,,125.14,124.8,129.28,122.79,-0.27,3.31,-1.88,14,False,False,False
2025-12-10,MU,5,True,False,False,2.0,weekly_top5,2.0,,,263.71,225.52,262.85,221.69,-14.48,-0.33,-15.93,5,False,False,False
2025-12-10,MU,7,True,False,False,2.0,weekly_top5,2.0,,,263.71,265.92,268.38,221.69,0.84,1.77,-15.93,7,False,False,False
2025-12-10,MU,10,True,False,False,2.0,weekly_top5,2.0,,,263.71,286.68,289.3,221.69,8.71,9.7,-15.93,10,True,False,False
2025-12-10,MU,14,True,False,False,2.0,weekly_top5,2.0,,,263.71,285.41,298.83,221.69,8.23,13.32,-15.93,14,True,True,False
2025-12-10,ALB,5,True,False,False,3.0,weekly_top5,2.0,,,133.21,134.71,138.69,129.89,1.13,4.11,-2.49,5,False,False,False
2025-12-10,ALB,7,True,False,False,3.0,weekly_top5,2.0,,,133.21,145.88,149.82,129.89,9.51,12.47,-2.49,7,True,True,False
2025-12-10,ALB,10,True,False,False,3.0,weekly_top5,2.0,,,133.21,148.51,150.72,129.89,11.49,13.14,-2.49,10,True,True,False
2025-12-10,ALB,14,True,False,False,3.0,weekly_top5,2.0,,,133.21,141.44,152.08,129.89,6.18,14.17,-2.49,14,True,True,False
2025-12-10,ASO,5,True,False,False,4.0,weekly_top5,2.0,,,55.0,54.12,56.95,53.15,-1.6,3.55,-3.36,5,False,False,False
2025-12-10,ASO,7,True,False,False,4.0,weekly_top5,2.0,,,55.0,53.7,56.95,53.15,-2.36,3.55,-3.36,7,False,False,False
2025-12-10,ASO,10,True,False,False,4.0,weekly_top5,2.0,,,55.0,51.05,56.95,49.9,-7.18,3.55,-9.27,10,False,False,False
2025-12-10,ASO,14,True,False,False,4.0,weekly_top5,2.0,,,55.0,49.96,56.95,49.3,-9.16,3.55,-10.36,14,False,False,False
2025-12-10,DJCO,5,True,False,False,5.0,weekly_top5,2.0,,,483.01,523.25,537.41,489.92,8.33,11.26,1.43,5,True,True,False
2025-12-10,DJCO,7,True,False,False,5.0,weekly_top5,2.0,,,483.01,525.72,539.34,489.92,8.84,11.66,1.43,7,True,True,False
2025-12-10,DJCO,10,True,False,False,5.0,weekly_top5,2.0,,,483.01,529.95,542.35,489.92,9.72,12.29,1.43,10,True,True,False
2025-12-10,DJCO,14,True,False,False,5.0,weekly_top5,2.0,,,483.01,487.32,544.42,481.64,0.89,12.71,-0.28,14,True,True,False
2025-12-30,AAP,5,False,True,False,,30d_momentum,,,,39.64,41.22,42.5,37.89,3.99,7.21,-4.41,5,True,False,False
2025-12-30,AAP,7,False,True,False,,30d_momentum,,,,39.64,43.84,43.86,37.89,10.6,10.65,-4.41,7,True,True,False
2025-12-30,AAP,10,False,True,False,,30d_momentum,,,,39.64,41.84,44.32,37.89,5.55,11.81,-4.41,10,True,True,False
2025-12-30,AAP,14,False,True,False,,30d_momentum,,,,39.64,41.84,44.32,37.89,5.55,11.81,-4.41,10,True,True,False
2025-12-31,LHX,5,True,False,False,1.0,weekly_top5,,,,293.57,325.74,336.65,291.01,10.96,14.67,-0.87,5,True,True,False
2025-12-31,LHX,7,True,False,False,1.0,weekly_top5,,,,293.57,340.68,341.81,291.01,16.05,16.43,-0.87,7,True,True,True
2025-12-31,LHX,10,True,False,False,1.0,weekly_top5,,,,293.57,338.38,361.59,291.01,15.26,23.17,-0.87,9,True,True,True
2025-12-31,LHX,14,True,False,False,1.0,weekly_top5,,,,293.57,338.38,361.59,291.01,15.26,23.17,-0.87,9,True,True,True
2025-12-31,HUT,5,True,False,False,2.0,weekly_top5,,,,45.94,57.95,60.42,46.8,26.14,31.52,1.87,5,True,True,True
2025-12-31,HUT,7,True,False,False,2.0,weekly_top5,,,,45.94,61.09,62.68,46.8,32.98,36.44,1.87,7,True,True,True
2025-12-31,HUT,10,True,False,False,2.0,weekly_top5,,,,45.94,58.16,62.91,46.8,26.6,36.94,1.87,9,True,True,True
2025-12-31,HUT,14,True,False,False,2.0,weekly_top5,,,,45.94,58.16,62.91,46.8,26.6,36.94,1.87,9,True,True,True
2025-12-31,LRCX,5,True,False,False,3.0,weekly_top5,,,,171.18,200.96,210.45,177.5,17.4,22.94,3.69,5,True,True,True
2025-12-31,LRCX,7,True,False,False,3.0,weekly_top5,,,,171.18,220.4,222.58,177.5,28.75,30.03,3.69,7,True,True,True
2025-12-31,LRCX,10,True,False,False,3.0,weekly_top5,,,,171.18,209.63,222.58,177.5,22.46,30.03,3.69,9,True,True,True
2025-12-31,LRCX,14,True,False,False,3.0,weekly_top5,,,,171.18,209.63,222.58,177.5,22.46,30.03,3.69,9,True,True,True
2025-12-31,VSCO,5,True,False,False,4.0,weekly_top5,,,,54.17,62.81,63.82,52.03,15.95,17.81,-3.95,5,True,True,True
2025-12-31,VSCO,7,True,False,False,4.0,weekly_top5,,,,54.17,63.11,66.89,52.03,16.5,23.48,-3.95,7,True,True,True
2025-12-31,VSCO,10,True,False,False,4.0,weekly_top5,,,,54.17,60.73,66.89,52.03,12.11,23.48,-3.95,9,True,True,True
2025-12-31,VSCO,14,True,False,False,4.0,weekly_top5,,,,54.17,60.73,66.89,52.03,12.11,23.48,-3.95,9,True,True,True
2025-12-31,ZETA,5,True,False,False,5.0,weekly_top5,,,,20.35,23.65,24.06,19.48,16.22,18.23,-4.28,5,True,True,True
2025-12-31,ZETA,7,True,False,False,5.0,weekly_top5,,,,20.35,24.28,24.9,19.48,19.31,22.36,-4.28,7,True,True,True
2025-12-31,ZETA,10,True,False,False,5.0,weekly_top5,,,,20.35,22.31,24.9,19.48,9.63,22.36,-4.28,9,True,True,True
2025-12-31,ZETA,14,True,False,False,5.0,weekly_top5,,,,20.35,22.31,24.9,19.48,9.63,22.36,-4.28,9,True,True,True
2025-12-31,PATH,5,False,True,False,,30d_momentum,,,,16.39,16.88,17.94,15.49,2.99,9.46,-5.49,5,True,False,False
2025-12-31,PATH,7,False,True,False,,30d_momentum,,,,16.39,17.24,17.94,15.49,5.19,9.46,-5.49,7,True,False,False
2025-12-31,PATH,10,False,True,False,,30d_momentum,,,,16.39,15.24,17.94,15.21,-7.02,9.46,-7.2,9,True,False,False
2025-12-31,PATH,14,False,True,False,,30d_momentum,,,,16.39,15.24,17.94,15.21,-7.02,9.46,-7.2,9,True,False,False
2026-01-01,SATS,5,True,False,False,1.0,weekly_top5,,,,112.18,120.0,120.53,107.59,6.97,7.44,-4.09,5,True,False,False
2026-01-01,SATS,7,True,False,False,1.0,weekly_top5,,,,112.18,123.74,128.31,107.59,10.3,14.38,-4.09,7,True,True,False
2026-01-01,SATS,10,True,False,False,1.0,weekly_top5,,,,112.18,127.05,128.31,107.59,13.26,14.38,-4.09,8,True,True,False
2026-01-01,SATS,14,True,False,False,1.0,weekly_top5,,,,112.18,127.05,128.31,107.59,13.26,14.38,-4.09,8,True,True,False
2026-01-01,LUNR,5,True,False,False,2.0,weekly_top5,,,,17.88,18.56,20.02,17.35,3.8,11.97,-2.96,5,True,True,False
2026-01-01,LUNR,7,True,False,False,2.0,weekly_top5,,,,17.88,17.57,20.02,17.16,-1.73,11.97,-4.03,7,True,True,False
2026-01-01,LUNR,10,True,False,False,2.0,weekly_top5,,,,17.88,18.16,20.02,17.16,1.57,11.97,-4.03,8,True,True,False
2026-01-01,LUNR,14,True,False,False,2.0,weekly_top5,,,,17.88,18.16,20.02,17.16,1.57,11.97,-4.03,8,True,True,False
2026-01-01,LHX,5,True,False,False,3.0,weekly_top5,,,,304.48,335.77,338.23,307.15,10.28,11.08,0.88,5,True,True,False
2026-01-01,LHX,7,True,False,False,3.0,weekly_top5,,,,304.48,341.24,361.59,307.15,12.07,18.76,0.88,7,True,True,True
2026-01-01,LHX,10,True,False,False,3.0,weekly_top5,,,,304.48,338.38,361.59,307.15,11.13,18.76,0.88,8,True,True,True
2026-01-01,LHX,14,True,False,False,3.0,weekly_top5,,,,304.48,338.38,361.59,307.15,11.13,18.76,0.88,8,True,True,True
2026-01-01,MU,5,True,False,False,4.0,weekly_top5,,,,315.42,345.09,346.3,309.55,9.41,9.79,-1.86,5,True,False,False
2026-01-01,MU,7,True,False,False,4.0,weekly_top5,,,,315.42,338.13,351.23,309.55,7.2,11.35,-1.86,7,True,True,False
2026-01-01,MU,10,True,False,False,4.0,weekly_top5,,,,315.42,333.27,351.23,309.55,5.66,11.35,-1.86,8,True,True,False
2026-01-01,MU,14,True,False,False,4.0,weekly_top5,,,,315.42,333.27,351.23,309.55,5.66,11.35,-1.86,8,True,True,False
2026-01-01,SPHR,5,True,False,False,5.0,weekly_top5,,,,94.3,95.26,97.02,88.7,1.02,2.88,-5.94,5,False,False,False
2026-01-01,SPHR,7,True,False,False,5.0,weekly_top5,,,,94.3,97.87,98.29,88.7,3.79,4.23,-5.94,7,False,False,False
2026-01-01,SPHR,10,True,False,False,5.0,weekly_top5,,,,94.3,97.35,98.29,88.7,3.23,4.23,-5.94,8,False,False,False
2026-01-01,SPHR,14,True,False,False,5.0,weekly_top5,,,,94.3,97.35,98.29,88.7,3.23,4.23,-5.94,8,False,False,False
2026-01-01,PATH,5,False,True,False,,30d_momentum,,,,15.88,16.32,17.94,15.61,2.77,12.97,-1.7,5,True,True,False
2026-01-01,PATH,7,False,True,False,,30d_momentum,,,,15.88,15.97,17.94,15.5,0.57,12.97,-2.39,7,True,True,False
2026-01-01,PATH,10,False,True,False,,30d_momentum,,,,15.88,15.24,17.94,15.21,-4.03,12.97,-4.22,8,True,True,False
2026-01-01,PATH,14,False,True,False,,30d_momentum,,,,15.88,15.24,17.94,15.21,-4.03,12.97,-4.22,8,True,True,False
2026-01-02,PATH,5,False,True,False,,30d_momentum,,,,15.88,16.32,17.94,15.61,2.77,12.97,-1.7,5,True,True,False
2026-01-02,PATH,7,False,True,False,,30d_momentum,,,,15.88,15.97,17.94,15.5,0.57,12.97,-2.39,7,True,True,False
2026-01-02,PATH,10,False,True,False,,30d_momentum,,,,15.88,15.24,17.94,15.21,-4.03,12.97,-4.22,8,True,True,False
2026-01-02,PATH,14,False,True,False,,30d_momentum,,,,15.88,15.24,17.94,15.21,-4.03,12.97,-4.22,8,True,True,False
2026-01-02,CVX,5,False,False,True,,movers,,,,155.9,162.11,165.75,154.9,3.98,6.32,-0.64,5,True,False,False
2026-01-02,CVX,7,False,False,True,,movers,,,,155.9,163.87,166.13,154.9,5.11,6.56,-0.64,7,True,False,False
2026-01-02,CVX,10,False,False,True,,movers,,,,155.9,166.31,167.47,154.9,6.68,7.42,-0.64,8,True,False,False
2026-01-02,CVX,14,False,False,True,,movers,,,,155.9,166.31,167.47,154.9,6.68,7.42,-0.64,8,True,False,False
2026-01-03,DBRG,5,True,False,False,1.0,weekly_top5,,,,15.31,15.36,15.4,15.32,0.33,0.59,0.07,5,False,False,False
2026-01-03,DBRG,7,True,False,False,1.0,weekly_top5,,,,15.31,15.35,15.4,15.32,0.26,0.59,0.07,7,False,False,False
2026-01-03,DBRG,10,True,False,False,1.0,weekly_top5,,,,15.31,15.35,15.4,15.32,0.26,0.59,0.07,7,False,False,False
2026-01-03,DBRG,14,True,False,False,1.0,weekly_top5,,,,15.31,15.35,15.4,15.32,0.26,0.59,0.07,7,False,False,False
2026-01-03,RKLB,5,True,False,False,2.0,weekly_top5,,,,78.14,87.9,89.87,74.05,12.49,15.01,-5.23,5,True,True,True
2026-01-03,RKLB,7,True,False,False,2.0,weekly_top5,,,,78.14,86.25,89.87,74.05,10.38,15.01,-5.23,7,True,True,True
2026-01-03,RKLB,10,True,False,False,2.0,weekly_top5,,,,78.14,86.25,89.87,74.05,10.38,15.01,-5.23,7,True,True,True
2026-01-03,RKLB,14,True,False,False,2.0,weekly_top5,,,,78.14,86.25,89.87,74.05,10.38,15.01,-5.23,7,True,True,True
2026-01-03,SATS,5,True,False,False,3.0,weekly_top5,,,,110.67,126.07,128.31,107.59,13.92,15.94,-2.78,5,True,True,True
2026-01-03,SATS,7,True,False,False,3.0,weekly_top5,,,,110.67,127.05,128.31,107.59,14.8,15.94,-2.78,7,True,True,True
2026-01-03,SATS,10,True,False,False,3.0,weekly_top5,,,,110.67,127.05,128.31,107.59,14.8,15.94,-2.78,7,True,True,True
2026-01-03,SATS,14,True,False,False,3.0,weekly_top5,,,,110.67,127.05,128.31,107.59,14.8,15.94,-2.78,7,True,True,True
2026-01-03,HII,5,True,False,False,4.0,weekly_top5,,,,363.48,398.25,399.61,356.14,9.57,9.94,-2.02,5,True,False,False
2026-01-03,HII,7,True,False,False,4.0,weekly_top5,,,,363.48,417.96,421.0,356.14,14.99,15.82,-2.02,7,True,True,True
2026-01-03,HII,10,True,False,False,4.0,weekly_top5,,,,363.48,417.96,421.0,356.14,14.99,15.82,-2.02,7,True,True,True
2026-01-03,HII,14,True,False,False,4.0,weekly_top5,,,,363.48,417.96,421.0,356.14,14.99,15.82,-2.02,7,True,True,True
2026-01-03,HWM,5,True,False,False,5.0,weekly_top5,,,,212.92,220.15,221.44,205.88,3.4,4.0,-3.31,5,False,False,False
2026-01-03,HWM,7,True,False,False,5.0,weekly_top5,,,,212.92,220.01,223.61,205.88,3.33,5.02,-3.31,7,True,False,False
2026-01-03,HWM,10,True,False,False,5.0,weekly_top5,,,,212.92,220.01,223.61,205.88,3.33,5.02,-3.31,7,True,False,False
2026-01-03,HWM,14,True,False,False,5.0,weekly_top5,,,,212.92,220.01,223.61,205.88,3.33,5.02,-3.31,7,True,False,False
2026-01-03,CVX,5,False,False,True,,movers,,,,163.85,162.34,165.05,154.9,-0.92,0.73,-5.46,5,False,False,False
2026-01-03,CVX,7,False,False,True,,movers,,,,163.85,166.31,167.47,154.9,1.5,2.21,-5.46,7,False,False,False
2026-01-03,CVX,10,False,False,True,,movers,,,,163.85,166.31,167.47,154.9,1.5,2.21,-5.46,7,False,False,False
2026-01-03,CVX,14,False,False,True,,movers,,,,163.85,166.31,167.47,154.9,1.5,2.21,-5.46,7,False,False,False
2026-01-05,HAL,5,True,False,False,1.0,weekly_top5,,,,31.92,31.9,33.03,30.17,-0.06,3.48,-5.48,5,False,False,False
2026-01-05,HAL,7,True,False,False,1.0,weekly_top5,,,,31.92,32.83,33.47,30.17,2.84,4.86,-5.48,7,False,False,False
2026-01-05,HAL,10,True,False,False,1.0,weekly_top5,,,,31.92,32.83,33.47,30.17,2.84,4.86,-5.48,7,False,False,False
2026-01-05,HAL,14,True,False,False,1.0,weekly_top5,,,,31.92,32.83,33.47,30.17,2.84,4.86,-5.48,7,False,False,False
2026-01-05,AXSM,5,True,False,False,2.0,weekly_top5,,,,171.49,176.82,179.45,165.75,3.11,4.64,-3.35,5,False,False,False
2026-01-05,AXSM,7,True,False,False,2.0,weekly_top5,,,,171.49,174.01,179.45,165.75,1.47,4.64,-3.35,7,False,False,False
2026-01-05,AXSM,10,True,False,False,2.0,weekly_top5,,,,171.49,174.01,179.45,165.75,1.47,4.64,-3.35,7,False,False,False
2026-01-05,AXSM,14,True,False,False,2.0,weekly_top5,,,,171.49,174.01,179.45,165.75,1.47,4.64,-3.35,7,False,False,False
2026-01-05,DBRG,5,True,False,False,3.0,weekly_top5,,,,15.31,15.36,15.4,15.32,0.33,0.59,0.07,5,False,False,False
2026-01-05,DBRG,7,True,False,False,3.0,weekly_top5,,,,15.31,15.35,15.4,15.32,0.26,0.59,0.07,7,False,False,False
2026-01-05,DBRG,10,True,False,False,3.0,weekly_top5,,,,15.31,15.35,15.4,15.32,0.26,0.59,0.07,7,False,False,False
2026-01-05,DBRG,14,True,False,False,3.0,weekly_top5,,,,15.31,15.35,15.4,15.32,0.26,0.59,0.07,7,False,False,False
2026-01-05,DOCN,5,True,False,False,4.0,weekly_top5,,,,50.61,55.33,56.23,50.21,9.33,11.1,-0.79,5,True,True,False
2026-01-05,DOCN,7,True,False,False,4.0,weekly_top5,,,,50.61,52.87,57.0,50.21,4.46,12.63,-0.79,7,True,True,False
2026-01-05,DOCN,10,True,False,False,4.0,weekly_top5,,,,50.61,52.87,57.0,50.21,4.46,12.63,-0.79,7,True,True,False
2026-01-05,DOCN,14,True,False,False,4.0,weekly_top5,,,,50.61,52.87,57.0,50.21,4.46,12.63,-0.79,7,True,True,False
2026-01-05,EL,5,True,False,False,5.0,weekly_top5,,,,108.16,113.02,113.86,103.74,4.49,5.27,-4.09,5,True,False,False
2026-01-05,EL,7,True,False,False,5.0,weekly_top5,,,,108.16,115.44,119.43,103.74,6.74,10.42,-4.09,7,True,True,False
2026-01-05,EL,10,True,False,False,5.0,weekly_top5,,,,108.16,115.44,119.43,103.74,6.74,10.42,-4.09,7,True,True,False
2026-01-05,EL,14,True,False,False,5.0,weekly_top5,,,,108.16,115.44,119.43,103.74,6.74,10.42,-4.09,7,True,True,False
2026-01-06,LITE,5,True,False,False,1.0,weekly_top5,,,,397.42,361.33,402.79,322.69,-9.08,1.35,-18.8,5,False,False,False
2026-01-06,LITE,7,True,False,False,1.0,weekly_top5,,,,397.42,342.31,402.79,322.69,-13.87,1.35,-18.8,6,False,False,False
2026-01-06,LITE,10,True,False,False,1.0,weekly_top5,,,,397.42,342.31,402.79,322.69,-13.87,1.35,-18.8,6,False,False,False
2026-01-06,LITE,14,True,False,False,1.0,weekly_top5,,,,397.42,342.31,402.79,322.69,-13.87,1.35,-18.8,6,False,False,False
2026-01-06,BK,5,True,False,False,2.0,weekly_top5,,,,121.31,122.93,123.01,118.5,1.34,1.4,-2.32,5,False,False,False
2026-01-06,BK,7,True,False,False,2.0,weekly_top5,,,,121.31,123.82,124.24,118.5,2.07,2.42,-2.32,6,False,False,False
2026-01-06,BK,10,True,False,False,2.0,weekly_top5,,,,121.31,123.82,124.24,118.5,2.07,2.42,-2.32,6,False,False,False
2026-01-06,BK,14,True,False,False,2.0,weekly_top5,,,,121.31,123.82,124.24,118.5,2.07,2.42,-2.32,6,False,False,False
2026-01-06,DAL,5,True,False,False,3.0,weekly_top5,,,,72.22,69.33,73.07,68.1,-4.0,1.18,-5.7,5,False,False,False
2026-01-06,DAL,7,True,False,False,3.0,weekly_top5,,,,72.22,68.55,73.07,68.1,-5.08,1.18,-5.7,6,False,False,False
2026-01-06,DAL,10,True,False,False,3.0,weekly_top5,,,,72.22,68.55,73.07,68.1,-5.08,1.18,-5.7,6,False,False,False
2026-01-06,DAL,14,True,False,False,3.0,weekly_top5,,,,72.22,68.55,73.07,68.1,-5.08,1.18,-5.7,6,False,False,False
2026-01-06,INCY,5,True,False,False,4.0,weekly_top5,,,,106.66,103.43,112.29,102.67,-3.03,5.28,-3.74,5,True,False,False
2026-01-06,INCY,7,True,False,False,4.0,weekly_top5,,,,106.66,104.16,112.29,102.67,-2.34,5.28,-3.74,6,True,False,False
2026-01-06,INCY,10,True,False,False,4.0,weekly_top5,,,,106.66,104.16,112.29,102.67,-2.34,5.28,-3.74,6,True,False,False
2026-01-06,INCY,14,True,False,False,4.0,weekly_top5,,,,106.66,104.16,112.29,102.67,-2.34,5.28,-3.74,6,True,False,False
2026-01-06,PNC,5,True,False,False,5.0,weekly_top5,,,,218.04,212.45,220.54,212.26,-2.56,1.15,-2.65,5,False,False,False
2026-01-06,PNC,7,True,False,False,5.0,weekly_top5,,,,218.04,210.97,220.54,209.53,-3.24,1.15,-3.91,6,False,False,False
2026-01-06,PNC,10,True,False,False,5.0,weekly_top5,,,,218.04,210.97,220.54,209.53,-3.24,1.15,-3.91,6,False,False,False
2026-01-06,PNC,14,True,False,False,5.0,weekly_top5,,,,218.04,210.97,220.54,209.53,-3.24,1.15,-3.91,6,False,False,False
2026-01-06,SNDK,5,False,True,False,,30d_momentum,,,,349.63,389.81,398.0,310.78,11.49,13.83,-11.11,5,True,True,False
2026-01-06,SNDK,7,False,True,False,,30d_momentum,,,,349.63,389.58,401.2,310.78,11.43,14.75,-11.11,6,True,True,False
2026-01-06,SNDK,10,False,True,False,,30d_momentum,,,,349.63,389.58,401.2,310.78,11.43,14.75,-11.11,6,True,True,False
2026-01-06,SNDK,14,False,True,False,,30d_momentum,,,,349.63,389.58,401.2,310.78,11.43,14.75,-11.11,6,True,True,False
2026-01-06,WDC,5,False,True,False,,30d_momentum,,,,219.38,214.0,218.0,180.7,-2.45,-0.63,-17.63,5,False,False,False
2026-01-06,WDC,7,False,True,False,,30d_momentum,,,,219.38,213.0,218.52,180.7,-2.91,-0.39,-17.63,6,False,False,False
2026-01-06,WDC,10,False,True,False,,30d_momentum,,,,219.38,213.0,218.52,180.7,-2.91,-0.39,-17.63,6,False,False,False
2026-01-06,WDC,14,False,True,False,,30d_momentum,,,,219.38,213.0,218.52,180.7,-2.91,-0.39,-17.63,6,False,False,False
2026-01-06,CENX,5,False,True,False,,30d_momentum,,,,42.23,46.34,48.06,39.98,9.73,13.81,-5.33,5,True,True,False
2026-01-06,CENX,7,False,True,False,,30d_momentum,,,,42.23,47.3,48.06,39.98,12.01,13.81,-5.33,6,True,True,False
2026-01-06,CENX,10,False,True,False,,30d_momentum,,,,42.23,47.3,48.06,39.98,12.01,13.81,-5.33,6,True,True,False
2026-01-06,CENX,14,False,True,False,,30d_momentum,,,,42.23,47.3,48.06,39.98,12.01,13.81,-5.33,6,True,True,False
2026-01-07,PSX,5,True,False,False,1.0,weekly_top5,,,,137.88,140.95,145.68,136.69,2.23,5.66,-0.86,5,True,False,False
2026-01-07,PSX,7,True,False,False,1.0,weekly_top5,,,,137.88,140.95,145.68,136.69,2.23,5.66,-0.86,5,True,False,False
2026-01-07,PSX,10,True,False,False,1.0,weekly_top5,,,,137.88,140.95,145.68,136.69,2.23,5.66,-0.86,5,True,False,False
2026-01-07,PSX,14,True,False,False,1.0,weekly_top5,,,,137.88,140.95,145.68,136.69,2.23,5.66,-0.86,5,True,False,False
2026-01-07,ABBV,5,True,False,False,2.0,weekly_top5,,,,233.42,221.16,231.54,215.85,-5.25,-0.81,-7.53,5,False,False,False
2026-01-07,ABBV,7,True,False,False,2.0,weekly_top5,,,,233.42,221.16,231.54,215.85,-5.25,-0.81,-7.53,5,False,False,False
2026-01-07,ABBV,10,True,False,False,2.0,weekly_top5,,,,233.42,221.16,231.54,215.85,-5.25,-0.81,-7.53,5,False,False,False
2026-01-07,ABBV,14,True,False,False,2.0,weekly_top5,,,,233.42,221.16,231.54,215.85,-5.25,-0.81,-7.53,5,False,False,False
2026-01-07,AEIS,5,True,False,False,3.0,weekly_top5,,,,224.4,235.65,238.92,201.56,5.01,6.47,-10.18,5,True,False,False
2026-01-07,AEIS,7,True,False,False,3.0,weekly_top5,,,,224.4,235.65,238.92,201.56,5.01,6.47,-10.18,5,True,False,False
2026-01-07,AEIS,10,True,False,False,3.0,weekly_top5,,,,224.4,235.65,238.92,201.56,5.01,6.47,-10.18,5,True,False,False
2026-01-07,AEIS,14,True,False,False,3.0,weekly_top5,,,,224.4,235.65,238.92,201.56,5.01,6.47,-10.18,5,True,False,False
2026-01-07,GH,5,True,False,False,4.0,weekly_top5,,,,109.93,107.77,113.91,103.8,-1.96,3.62,-5.58,5,False,False,False
2026-01-07,GH,7,True,False,False,4.0,weekly_top5,,,,109.93,107.77,113.91,103.8,-1.96,3.62,-5.58,5,False,False,False
2026-01-07,GH,10,True,False,False,4.0,weekly_top5,,,,109.93,107.77,113.91,103.8,-1.96,3.62,-5.58,5,False,False,False
2026-01-07,GH,14,True,False,False,4.0,weekly_top5,,,,109.93,107.77,113.91,103.8,-1.96,3.62,-5.58,5,False,False,False
2026-01-07,VSEC,5,True,False,False,5.0,weekly_top5,,,,195.27,204.96,213.24,195.37,4.96,9.2,0.05,5,True,False,False
2026-01-07,VSEC,7,True,False,False,5.0,weekly_top5,,,,195.27,204.96,213.24,195.37,4.96,9.2,0.05,5,True,False,False
2026-01-07,VSEC,10,True,False,False,5.0,weekly_top5,,,,195.27,204.96,213.24,195.37,4.96,9.2,0.05,5,True,False,False
2026-01-07,VSEC,14,True,False,False,5.0,weekly_top5,,,,195.27,204.96,213.24,195.37,4.96,9.2,0.05,5,True,False,False
2026-01-07,MOD,5,False,True,False,,30d_momentum,,,,119.68,125.2,129.95,115.25,4.61,8.58,-3.7,5,True,False,False
2026-01-07,MOD,7,False,True,False,,30d_momentum,,,,119.68,125.2,129.95,115.25,4.61,8.58,-3.7,5,True,False,False
2026-01-07,MOD,10,False,True,False,,30d_momentum,,,,119.68,125.2,129.95,115.25,4.61,8.58,-3.7,5,True,False,False
2026-01-07,MOD,14,False,True,False,,30d_momentum,,,,119.68,125.2,129.95,115.25,4.61,8.58,-3.7,5,True,False,False
2026-01-07,INTC,5,False,True,False,,30d_momentum,,,,42.63,47.85,49.0,40.68,12.26,14.94,-4.57,5,True,True,False
2026-01-07,INTC,7,False,True,False,,30d_momentum,,,,42.63,47.85,49.0,40.68,12.26,14.94,-4.57,5,True,True,False
2026-01-07,INTC,10,False,True,False,,30d_momentum,,,,42.63,47.85,49.0,40.68,12.26,14.94,-4.57,5,True,True,False
2026-01-07,INTC,14,False,True,False,,30d_momentum,,,,42.63,47.85,49.0,40.68,12.26,14.94,-4.57,5,True,True,False
2026-01-08,NOC,5,True,False,False,1.0,weekly_top5,,,,590.79,639.84,640.5,590.68,8.3,8.41,-0.02,4,True,False,False
2026-01-08,NOC,7,True,False,False,1.0,weekly_top5,,,,590.79,639.84,640.5,590.68,8.3,8.41,-0.02,4,True,False,False
2026-01-08,NOC,10,True,False,False,1.0,weekly_top5,,,,590.79,639.84,640.5,590.68,8.3,8.41,-0.02,4,True,False,False
2026-01-08,NOC,14,True,False,False,1.0,weekly_top5,,,,590.79,639.84,640.5,590.68,8.3,8.41,-0.02,4,True,False,False
2026-01-08,F,5,True,False,False,2.0,weekly_top5,,,,14.4,13.91,14.41,13.85,-3.37,0.07,-3.82,4,False,False,False
2026-01-08,F,7,True,False,False,2.0,weekly_top5,,,,14.4,13.91,14.41,13.85,-3.37,0.07,-3.82,4,False,False,False
2026-01-08,F,10,True,False,False,2.0,weekly_top5,,,,14.4,13.91,14.41,13.85,-3.37,0.07,-3.82,4,False,False,False
2026-01-08,F,14,True,False,False,2.0,weekly_top5,,,,14.4,13.91,14.41,13.85,-3.37,0.07,-3.82,4,False,False,False
2026-01-08,BBIO,5,True,False,False,3.0,weekly_top5,,,,73.82,77.76,79.88,70.95,5.34,8.21,-3.89,4,True,False,False
2026-01-08,BBIO,7,True,False,False,3.0,weekly_top5,,,,73.82,77.76,79.88,70.95,5.34,8.21,-3.89,4,True,False,False
2026-01-08,BBIO,10,True,False,False,3.0,weekly_top5,,,,73.82,77.76,79.88,70.95,5.34,8.21,-3.89,4,True,False,False
2026-01-08,BBIO,14,True,False,False,3.0,weekly_top5,,,,73.82,77.76,79.88,70.95,5.34,8.21,-3.89,4,True,False,False
2026-01-08,COF,5,True,False,False,4.0,weekly_top5,,,,255.68,228.41,256.51,227.36,-10.67,0.32,-11.08,4,False,False,False
2026-01-08,COF,7,True,False,False,4.0,weekly_top5,,,,255.68,228.41,256.51,227.36,-10.67,0.32,-11.08,4,False,False,False
2026-01-08,COF,10,True,False,False,4.0,weekly_top5,,,,255.68,228.41,256.51,227.36,-10.67,0.32,-11.08,4,False,False,False
2026-01-08,COF,14,True,False,False,4.0,weekly_top5,,,,255.68,228.41,256.51,227.36,-10.67,0.32,-11.08,4,False,False,False
2026-01-08,BFH,5,True,False,False,5.0,weekly_top5,,,,81.25,69.08,82.03,68.8,-14.98,0.96,-15.32,4,False,False,False
2026-01-08,BFH,7,True,False,False,5.0,weekly_top5,,,,81.25,69.08,82.03,68.8,-14.98,0.96,-15.32,4,False,False,False
2026-01-08,BFH,10,True,False,False,5.0,weekly_top5,,,,81.25,69.08,82.03,68.8,-14.98,0.96,-15.32,4,False,False,False
2026-01-08,BFH,14,True,False,False,5.0,weekly_top5,,,,81.25,69.08,82.03,68.8,-14.98,0.96,-15.32,4,False,False,False
2026-01-09,BK,5,True,False,False,1.0,weekly_top5,,,,119.04,123.82,124.24,118.5,4.02,4.37,-0.45,3,False,False,False
2026-01-09,BK,7,True,False,False,1.0,weekly_top5,,,,119.04,123.82,124.24,118.5,4.02,4.37,-0.45,3,False,False,False
2026-01-09,BK,10,True,False,False,1.0,weekly_top5,,,,119.04,123.82,124.24,118.5,4.02,4.37,-0.45,3,False,False,False
2026-01-09,BK,14,True,False,False,1.0,weekly_top5,,,,119.04,123.82,124.24,118.5,4.02,4.37,-0.45,3,False,False,False
2026-01-09,DAL,5,True,False,False,2.0,weekly_top5,,,,72.31,68.55,71.38,68.1,-5.2,-1.29,-5.82,3,False,False,False
2026-01-09,DAL,7,True,False,False,2.0,weekly_top5,,,,72.31,68.55,71.38,68.1,-5.2,-1.29,-5.82,3,False,False,False
2026-01-09,DAL,10,True,False,False,2.0,weekly_top5,,,,72.31,68.55,71.38,68.1,-5.2,-1.29,-5.82,3,False,False,False
2026-01-09,DAL,14,True,False,False,2.0,weekly_top5,,,,72.31,68.55,71.38,68.1,-5.2,-1.29,-5.82,3,False,False,False
2026-01-09,BBIO,5,True,False,False,3.0,weekly_top5,,,,77.25,77.76,79.88,70.95,0.66,3.4,-8.16,3,False,False,False
2026-01-09,BBIO,7,True,False,False,3.0,weekly_top5,,,,77.25,77.76,79.88,70.95,0.66,3.4,-8.16,3,False,False,False
2026-01-09,BBIO,10,True,False,False,3.0,weekly_top5,,,,77.25,77.76,79.88,70.95,0.66,3.4,-8.16,3,False,False,False
2026-01-09,BBIO,14,True,False,False,3.0,weekly_top5,,,,77.25,77.76,79.88,70.95,0.66,3.4,-8.16,3,False,False,False
2026-01-09,DG,5,True,False,False,4.0,weekly_top5,,,,142.74,153.42,154.75,142.21,7.48,8.41,-0.37,3,True,False,False
2026-01-09,DG,7,True,False,False,4.0,weekly_top5,,,,142.74,153.42,154.75,142.21,7.48,8.41,-0.37,3,True,False,False
2026-01-09,DG,10,True,False,False,4.0,weekly_top5,,,,142.74,153.42,154.75,142.21,7.48,8.41,-0.37,3,True,False,False
2026-01-09,DG,14,True,False,False,4.0,weekly_top5,,,,142.74,153.42,154.75,142.21,7.48,8.41,-0.37,3,True,False,False
2026-01-09,CBOE,5,True,False,False,5.0,weekly_top5,,,,260.95,266.91,267.12,260.11,2.28,2.37,-0.32,3,False,False,False
2026-01-09,CBOE,7,True,False,False,5.0,weekly_top5,,,,260.95,266.91,267.12,260.11,2.28,2.37,-0.32,3,False,False,False
2026-01-09,CBOE,10,True,False,False,5.0,weekly_top5,,,,260.95,266.91,267.12,260.11,2.28,2.37,-0.32,3,False,False,False
2026-01-09,CBOE,14,True,False,False,5.0,weekly_top5,,,,260.95,266.91,267.12,260.11,2.28,2.37,-0.32,3,False,False,False
2026-01-09,LQDA,5,False,True,False,,30d_momentum,,,,35.86,39.37,40.53,34.37,9.79,13.02,-4.16,3,True,True,False
2026-01-09,LQDA,7,False,True,False,,30d_momentum,,,,35.86,39.37,40.53,34.37,9.79,13.02,-4.16,3,True,True,False
2026-01-09,LQDA,10,False,True,False,,30d_momentum,,,,35.86,39.37,40.53,34.37,9.79,13.02,-4.16,3,True,True,False
2026-01-09,LQDA,14,False,True,False,,30d_momentum,,,,35.86,39.37,40.53,34.37,9.79,13.02,-4.16,3,True,True,False
2026-01-09,CGON,5,False,True,False,,30d_momentum,,,,54.2,54.65,56.8,51.58,0.83,4.8,-4.83,3,False,False,False
2026-01-09,CGON,7,False,True,False,,30d_momentum,,,,54.2,54.65,56.8,51.58,0.83,4.8,-4.83,3,False,False,False
2026-01-09,CGON,10,False,True,False,,30d_momentum,,,,54.2,54.65,56.8,51.58,0.83,4.8,-4.83,3,False,False,False
2026-01-09,CGON,14,False,True,False,,30d_momentum,,,,54.2,54.65,56.8,51.58,0.83,4.8,-4.83,3,False,False,False
2026-01-09,GLUE,5,False,True,False,,30d_momentum,,,,24.28,24.02,24.66,23.16,-1.07,1.54,-4.61,3,False,False,False
2026-01-09,GLUE,7,False,True,False,,30d_momentum,,,,24.28,24.02,24.66,23.16,-1.07,1.54,-4.61,3,False,False,False
2026-01-09,GLUE,10,False,True,False,,30d_momentum,,,,24.28,24.02,24.66,23.16,-1.07,1.54,-4.61,3,False,False,False
2026-01-09,GLUE,14,False,True,False,,30d_momentum,,,,24.28,24.02,24.66,23.16,-1.07,1.54,-4.61,3,False,False,False
2026-01-09,APLD,5,False,True,False,,30d_momentum,,,,37.68,35.25,39.51,34.71,-6.45,4.84,-7.88,3,False,False,False
2026-01-09,APLD,7,False,True,False,,30d_momentum,,,,37.68,35.25,39.51,34.71,-6.45,4.84,-7.88,3,False,False,False
2026-01-09,APLD,10,False,True,False,,30d_momentum,,,,37.68,35.25,39.51,34.71,-6.45,4.84,-7.88,3,False,False,False
2026-01-09,APLD,14,False,True,False,,30d_momentum,,,,37.68,35.25,39.51,34.71,-6.45,4.84,-7.88,3,False,False,False
2026-01-09,KTOS,5,False,True,False,,30d_momentum,,,,113.7,118.57,121.57,114.0,4.28,6.92,0.26,3,True,False,False
2026-01-09,KTOS,7,False,True,False,,30d_momentum,,,,113.7,118.57,121.57,114.0,4.28,6.92,0.26,3,True,False,False
2026-01-09,KTOS,10,False,True,False,,30d_momentum,,,,113.7,118.57,121.57,114.0,4.28,6.92,0.26,3,True,False,False
2026-01-09,KTOS,14,False,True,False,,30d_momentum,,,,113.7,118.57,121.57,114.0,4.28,6.92,0.26,3,True,False,False
2026-01-09,COMP,5,False,True,False,,30d_momentum,,,,12.84,11.96,12.84,11.91,-6.89,-0.0,-7.2,3,False,False,False
2026-01-09,COMP,7,False,True,False,,30d_momentum,,,,12.84,11.96,12.84,11.91,-6.89,-0.0,-7.2,3,False,False,False
2026-01-09,COMP,10,False,True,False,,30d_momentum,,,,12.84,11.96,12.84,11.91,-6.89,-0.0,-7.2,3,False,False,False
2026-01-09,COMP,14,False,True,False,,30d_momentum,,,,12.84,11.96,12.84,11.91,-6.89,-0.0,-7.2,3,False,False,False
2026-01-09,INTC,5,False,True,False,,30d_momentum,,,,45.55,47.85,49.0,43.89,5.06,7.57,-3.64,3,True,False,False
2026-01-09,INTC,7,False,True,False,,30d_momentum,,,,45.55,47.85,49.0,43.89,5.06,7.57,-3.64,3,True,False,False
2026-01-09,INTC,10,False,True,False,,30d_momentum,,,,45.55,47.85,49.0,43.89,5.06,7.57,-3.64,3,True,False,False
2026-01-09,INTC,14,False,True,False,,30d_momentum,,,,45.55,47.85,49.0,43.89,5.06,7.57,-3.64,3,True,False,False
2026-01-12,GD,5,True,False,False,1.0,weekly_top5,,,,360.94,361.38,366.13,359.67,0.12,1.44,-0.35,2,False,False,False
2026-01-12,GD,7,True,False,False,1.0,weekly_top5,,,,360.94,361.38,366.13,359.67,0.12,1.44,-0.35,2,False,False,False
2026-01-12,GD,10,True,False,False,1.0,weekly_top5,,,,360.94,361.38,366.13,359.67,0.12,1.44,-0.35,2,False,False,False
2026-01-12,GD,14,True,False,False,1.0,weekly_top5,,,,360.94,361.38,366.13,359.67,0.12,1.44,-0.35,2,False,False,False
2026-01-12,AKAM,5,True,False,False,2.0,weekly_top5,,,,91.27,89.81,91.78,88.36,-1.59,0.56,-3.19,2,False,False,False
2026-01-12,AKAM,7,True,False,False,2.0,weekly_top5,,,,91.27,89.81,91.78,88.36,-1.59,0.56,-3.19,2,False,False,False
2026-01-12,AKAM,10,True,False,False,2.0,weekly_top5,,,,91.27,89.81,91.78,88.36,-1.59,0.56,-3.19,2,False,False,False
2026-01-12,AKAM,14,True,False,False,2.0,weekly_top5,,,,91.27,89.81,91.78,88.36,-1.59,0.56,-3.19,2,False,False,False
2026-01-12,EXPE,5,True,False,False,3.0,weekly_top5,,,,291.53,288.83,300.31,288.3,-0.92,3.01,-1.11,2,False,False,False
2026-01-12,EXPE,7,True,False,False,3.0,weekly_top5,,,,291.53,288.83,300.31,288.3,-0.92,3.01,-1.11,2,False,False,False
2026-01-12,EXPE,10,True,False,False,3.0,weekly_top5,,,,291.53,288.83,300.31,288.3,-0.92,3.01,-1.11,2,False,False,False
2026-01-12,EXPE,14,True,False,False,3.0,weekly_top5,,,,291.53,288.83,300.31,288.3,-0.92,3.01,-1.11,2,False,False,False
2026-01-12,CADE,5,True,False,False,4.0,weekly_top5,,,,44.21,43.09,44.47,42.78,-2.53,0.59,-3.23,2,False,False,False
2026-01-12,CADE,7,True,False,False,4.0,weekly_top5,,,,44.21,43.09,44.47,42.78,-2.53,0.59,-3.23,2,False,False,False
2026-01-12,CADE,10,True,False,False,4.0,weekly_top5,,,,44.21,43.09,44.47,42.78,-2.53,0.59,-3.23,2,False,False,False
2026-01-12,CADE,14,True,False,False,4.0,weekly_top5,,,,44.21,43.09,44.47,42.78,-2.53,0.59,-3.23,2,False,False,False
2026-01-12,NOC,5,True,False,False,5.0,weekly_top5,,,,629.32,639.84,640.5,619.68,1.67,1.78,-1.53,2,False,False,False
2026-01-12,NOC,7,True,False,False,5.0,weekly_top5,,,,629.32,639.84,640.5,619.68,1.67,1.78,-1.53,2,False,False,False
2026-01-12,NOC,10,True,False,False,5.0,weekly_top5,,,,629.32,639.84,640.5,619.68,1.67,1.78,-1.53,2,False,False,False
2026-01-12,NOC,14,True,False,False,5.0,weekly_top5,,,,629.32,639.84,640.5,619.68,1.67,1.78,-1.53,2,False,False,False
2026-01-12,LQDA,5,False,True,False,,30d_momentum,,,,36.6,39.37,40.53,35.28,7.57,10.74,-3.61,2,True,True,False
2026-01-12,LQDA,7,False,True,False,,30d_momentum,,,,36.6,39.37,40.53,35.28,7.57,10.74,-3.61,2,True,True,False
2026-01-12,LQDA,10,False,True,False,,30d_momentum,,,,36.6,39.37,40.53,35.28,7.57,10.74,-3.61,2,True,True,False
2026-01-12,LQDA,14,False,True,False,,30d_momentum,,,,36.6,39.37,40.53,35.28,7.57,10.74,-3.61,2,True,True,False
2026-01-12,SLNO,5,False,True,False,,30d_momentum,,,,41.54,41.35,41.88,39.43,-0.46,0.83,-5.08,2,False,False,False
2026-01-12,SLNO,7,False,True,False,,30d_momentum,,,,41.54,41.35,41.88,39.43,-0.46,0.83,-5.08,2,False,False,False
2026-01-12,SLNO,10,False,True,False,,30d_momentum,,,,41.54,41.35,41.88,39.43,-0.46,0.83,-5.08,2,False,False,False
2026-01-12,SLNO,14,False,True,False,,30d_momentum,,,,41.54,41.35,41.88,39.43,-0.46,0.83,-5.08,2,False,False,False
2026-01-13,TTMI,5,False,True,False,,30d_momentum,,,,93.24,97.7,101.19,94.02,4.79,8.53,0.84,1,True,False,False
2026-01-13,TTMI,7,False,True,False,,30d_momentum,,,,93.24,97.7,101.19,94.02,4.79,8.53,0.84,1,True,False,False
2026-01-13,TTMI,10,False,True,False,,30d_momentum,,,,93.24,97.7,101.19,94.02,4.79,8.53,0.84,1,True,False,False
2026-01-13,TTMI,14,False,True,False,,30d_momentum,,,,93.24,97.7,101.19,94.02,4.79,8.53,0.84,1,True,False,False
2026-01-13,ATEC,5,False,True,False,,30d_momentum,,,,16.45,15.88,16.53,15.81,-3.47,0.49,-3.89,1,False,False,False
2026-01-13,ATEC,7,False,True,False,,30d_momentum,,,,16.45,15.88,16.53,15.81,-3.47,0.49,-3.89,1,False,False,False
2026-01-13,ATEC,10,False,True,False,,30d_momentum,,,,16.45,15.88,16.53,15.81,-3.47,0.49,-3.89,1,False,False,False
2026-01-13,ATEC,14,False,True,False,,30d_momentum,,,,16.45,15.88,16.53,15.81,-3.47,0.49,-3.89,1,False,False,False
